KlausurNr,Typ,Matrikelnr,NichtErschienen,Entschuldigt,Punkte,Note
15ss_cdm,AK,3058961,0,0,47,1
15ss_cdm,AK,3412240,0,0,44,1.3
15ss_cdm,AK,3224911,0,0,42,1.7
15ss_cdm,AK,3782358,0,0,42,1.7
15ss_cdm,AK,3130637,0,0,42,1.7
15ss_cdm,AK,3235012,0,0,41.5,1.7
15ss_cdm,AK,3805566,0,0,40,1.7
15ss_cdm,AK,3085808,0,0,38,2
15ss_cdm,AK,3599101,0,0,37,2.3
15ss_cdm,AK,3251958,0,0,36.5,2.3
15ss_cdm,AK,2773103,0,0,36.5,2.3
15ss_cdm,AK,2795965,0,0,36,2.3
15ss_cdm,AK,3151635,0,0,35.5,2.3
15ss_cdm,AK,3221360,0,0,35.5,2.3
15ss_cdm,AK,2881419,0,0,34,2.7
15ss_cdm,AK,2776856,0,0,33.5,2.7
15ss_cdm,AK,3781410,0,0,32,3
15ss_cdm,AK,3011223,0,0,26,3.7
15ss_cdm,AK,2346336,0,0,22.5,5
15ss_cdm,AK,3680113,0,0,22.5,5
15ss_cdm,AK,2938009,0,0,22,5
15ss_cdm,AK,2473641,0,0,21.5,5
15ss_cdm,AK,3514431,0,0,20.5,5
15ss_cdm,AK,3267278,0,0,18,5
15ss_cdm,AK,3243780,1,0,NA,NA
15ss_cdm,AK,3891733,1,0,NA,NA
15ss_cdm,AK,3449223,1,0,NA,NA
15ss_cdm,AK,2627313,1,0,NA,NA
15ss_cdm,AK,3428860,1,0,NA,NA
15ss_dbs1_wh,WDH,3151635,0,0,35,1
15ss_dbs1_wh,WDH,2561653,0,0,33.5,1
15ss_dbs1_wh,WDH,3353318,0,0,32.5,1.3
15ss_dbs1_wh,WDH,2473641,0,0,32.5,1.3
15ss_dbs1_wh,WDH,3443794,0,0,27,2.3
15ss_dbs1_wh,WDH,2843267,0,0,27,2.3
15ss_dbs1_wh,WDH,3015331,0,0,26.5,2.3
15ss_dbs1_wh,WDH,3322726,0,0,24,3
15ss_dbs1_wh,WDH,3525505,0,0,23,3
15ss_dbs1_wh,WDH,3460607,0,0,22.5,3.3
15ss_dbs1_wh,WDH,2790269,0,0,22,3.3
15ss_dbs1_wh,WDH,3809552,0,0,19,4
15ss_dbs1_wh,WDH,2858618,0,0,19,4
15ss_dbs1_wh,WDH,3738734,0,0,18,4
15ss_dbs1_wh,WDH,2645991,0,0,16.5,5
15ss_dbs1_wh,WDH,2757371,0,0,15.5,5
15ss_dbs1_wh,WDH,3790383,0,0,8.5,5
15ss_dbs1_wh,WDH,3834095,1,0,NA,NA
15ss_dbs1_wh,WDH,3118365,1,0,NA,NA
15ss_dbs1_wh,WDH,3423071,1,0,NA,NA
15ss_dbs1_wh,WDH,3769275,1,0,NA,NA
15ss_dbs1_wh,WDH,2552754,1,0,NA,NA
15ss_dbs1_wh,WDH,3040253,1,0,NA,NA
15ss_dbs1_wh,WDH,3599283,1,0,NA,NA
15ss_dbs1_wh,WDH,3696488,1,0,NA,NA
15ss_dbs1_wh,WDH,2430407,1,0,NA,NA
15ss_dbs1_wh,WDH,2677700,1,0,NA,NA
15ss_dbs1_wh,WDH,3535824,1,0,NA,NA
15ss_dbs1_wh,WDH,3461026,1,0,NA,NA
15ss_dbs1_wh,WDH,3586735,1,0,NA,NA
15ss_dbs1_wh,WDH,3637553,1,0,NA,NA
15ss_dbs1_wh,WDH,3091413,1,0,NA,NA
15ss_dbs1_wh,WDH,2513594,1,0,NA,NA
15ss_dbs1_wh,WDH,3191571,1,0,NA,NA
15ss_dbs1_wh,WDH,3778400,1,0,NA,NA
15ss_dbs1_wh,WDH,2572295,1,0,NA,NA
15ss_dbs1_wh,WDH,3680716,1,0,NA,NA
15ss_dbs1_wh,WDH,3444952,1,0,NA,NA
15ss_dbs1_wh,WDH,2764147,1,0,NA,NA
15ss_dbs1_wh,WDH,3218860,1,0,NA,NA
15ss_dbs1_wh,WDH,2483736,1,0,NA,NA
15ss_dbs1_wh,WDH,2457342,1,0,NA,NA
15ss_dbs1_wh,WDH,2787311,1,0,NA,NA
15ss_dbs1_wh,WDH,3006293,1,0,NA,NA
15ss_dbs2,AK,3307553,0,0,40.5,1
15ss_dbs2,AK,3448296,0,0,39.5,1
15ss_dbs2,AK,3183854,0,0,39,1
15ss_dbs2,AK,2959576,0,0,38,1.3
15ss_dbs2,AK,2529796,0,0,37,1.3
15ss_dbs2,AK,3356420,0,0,36,1.7
15ss_dbs2,AK,3742059,0,0,35.5,1.7
15ss_dbs2,AK,2926916,0,0,34.5,1.7
15ss_dbs2,AK,2669952,0,0,34.5,1.7
15ss_dbs2,AK,3518549,0,0,34,2
15ss_dbs2,AK,2745317,0,0,32.5,2
15ss_dbs2,AK,3867811,0,0,32.5,2
15ss_dbs2,AK,2924879,0,0,32.5,2
15ss_dbs2,AK,3151635,0,0,32.5,2
15ss_dbs2,AK,3615316,0,0,32,2.3
15ss_dbs2,AK,2445967,0,0,32,2.3
15ss_dbs2,AK,3350783,0,0,31.5,2.3
15ss_dbs2,AK,2854838,0,0,31.5,2.3
15ss_dbs2,AK,2370095,0,0,31,2.3
15ss_dbs2,AK,3300253,0,0,31,2.3
15ss_dbs2,AK,2698449,0,0,31,2.3
15ss_dbs2,AK,3494275,0,0,31,2.3
15ss_dbs2,AK,2894545,0,0,31,2.3
15ss_dbs2,AK,2908990,0,0,31,2.3
15ss_dbs2,AK,3083525,0,0,29,2.7
15ss_dbs2,AK,2540926,0,0,29,2.7
15ss_dbs2,AK,3488333,0,0,28.5,2.7
15ss_dbs2,AK,2877130,0,0,28,3
15ss_dbs2,AK,2773103,0,0,27.5,3
15ss_dbs2,AK,3642072,0,0,27,3
15ss_dbs2,AK,3006293,0,0,26.5,3
15ss_dbs2,AK,3108259,0,0,26,3.3
15ss_dbs2,AK,3335871,0,0,25.5,3.3
15ss_dbs2,AK,3899411,0,0,25.5,3.3
15ss_dbs2,AK,3454077,0,0,24.5,3.3
15ss_dbs2,AK,3833301,0,0,24,3.7
15ss_dbs2,AK,2473641,0,0,23.5,3.7
15ss_dbs2,AK,3916123,0,0,23.5,3.7
15ss_dbs2,AK,2605501,0,0,23.5,3.7
15ss_dbs2,AK,3148414,0,0,23.5,3.7
15ss_dbs2,AK,3392138,0,0,23,3.7
15ss_dbs2,AK,2932274,0,0,22.5,3.7
15ss_dbs2,AK,2850951,0,0,22,4
15ss_dbs2,AK,3371246,0,0,21.5,4
15ss_dbs2,AK,2694885,0,0,21.5,4
15ss_dbs2,AK,3728064,0,0,21.5,4
15ss_dbs2,AK,3866917,0,0,21.5,4
15ss_dbs2,AK,2775712,0,0,21,4
15ss_dbs2,AK,2626382,0,0,20.5,4
15ss_dbs2,AK,2483661,0,0,20,5
15ss_dbs2,AK,3136010,0,0,20,5
15ss_dbs2,AK,3637553,0,0,19.5,5
15ss_dbs2,AK,3804930,0,0,19.5,5
15ss_dbs2,AK,2470865,0,0,19.5,5
15ss_dbs2,AK,2896274,0,0,19,5
15ss_dbs2,AK,3698570,0,0,19,5
15ss_dbs2,AK,3161798,0,0,18.5,5
15ss_dbs2,AK,3516623,0,0,18.5,5
15ss_dbs2,AK,3482006,0,0,18.5,5
15ss_dbs2,AK,3053850,0,0,18,5
15ss_dbs2,AK,3096466,0,0,17.5,5
15ss_dbs2,AK,2520777,0,0,17.5,5
15ss_dbs2,AK,3460607,0,0,14.5,5
15ss_dbs2,AK,2816879,0,0,14.5,5
15ss_dbs2,AK,2939428,0,0,13.5,5
15ss_dbs2,AK,2858618,0,0,13,5
15ss_dbs2,AK,3675317,0,0,13,5
15ss_dbs2,AK,3918729,0,0,12.5,5
15ss_dbs2,AK,2468476,0,0,11.5,5
15ss_dbs2,AK,2646900,0,0,10.5,5
15ss_dbs2,AK,3443794,0,0,10.5,5
15ss_dbs2,AK,3461026,0,0,9.5,5
15ss_dbs2,AK,3238538,0,0,8.5,5
15ss_dbs2,AK,3346715,0,0,5.5,5
15ss_dbs2,AK,3289782,1,0,NA,NA
15ss_dbs2,AK,3891733,1,0,NA,NA
15ss_dbs2,AK,3441965,1,0,NA,NA
15ss_dbs2,AK,3415052,1,0,NA,NA
15ss_dbs2,AK,2948404,1,0,NA,NA
15ss_dbs2,AK,2605347,1,0,NA,NA
15ss_dbs2,AK,3091456,1,0,NA,NA
15ss_dbs2,AK,2708641,1,0,NA,NA
15ss_dbs2,AK,3927315,1,1,NA,NA
15ss_dbs2,AK,3821093,1,0,NA,NA
15ss_dbs2,AK,2602743,1,0,NA,NA
15ss_dbs2,AK,3324518,1,0,NA,NA
15ss_dbs2,AK,3535824,1,0,NA,NA
15ss_dbs2,AK,3360912,1,0,NA,NA
15ss_dbs2,AK,2561653,1,0,NA,NA
15ss_dbs2,AK,2408380,1,0,NA,NA
15ss_dbs2,AK,2500329,1,0,NA,NA
15ss_dbs2,AK,3586735,1,0,NA,NA
15ss_dbs2,AK,2983915,1,0,NA,NA
15ss_dbs2,AK,2927001,1,0,NA,NA
15ss_dbs2,AK,3275943,1,0,NA,NA
15ss_dbs2,AK,3218860,1,0,NA,NA
15ss_dbs2,AK,2855483,1,0,NA,NA
15ss_dbs2,AK,3334212,1,0,NA,NA
15ss_dbs2,AK,3869176,1,0,NA,NA
15ss_dbs2,AK,2454758,1,0,NA,NA
15ss_dbs2,AK,3632794,1,0,NA,NA
15ss_dbs2,AK,2757371,1,0,NA,NA
15ss_idbs1,AK,3130637,0,0,41,1
15ss_idbs1,AK,3058961,0,0,37,1.3
15ss_idbs1,AK,2466075,0,0,36,1.7
15ss_idbs1,AK,3251958,0,0,35,1.7
15ss_idbs1,AK,2773103,0,0,34.5,2
15ss_idbs1,AK,3599101,0,0,33.5,2
15ss_idbs1,AK,2627313,0,0,33,2
15ss_idbs1,AK,3769593,0,0,33,2
15ss_idbs1,AK,2365084,0,0,31,2.3
15ss_idbs1,AK,3614173,0,0,31,2.3
15ss_idbs1,AK,2795965,0,0,29,2.7
15ss_idbs1,AK,3782358,0,0,28,3
15ss_idbs1,AK,3224911,0,0,27.5,3
15ss_idbs1,AK,3316800,0,0,27.5,3
15ss_idbs1,AK,2881419,0,0,27,3
15ss_idbs1,AK,3590353,0,0,26,3.3
15ss_idbs1,AK,3151635,0,0,26,3.3
15ss_idbs1,AK,3221360,0,0,25,3.3
15ss_idbs1,AK,2473641,0,0,24,3.7
15ss_idbs1,AK,3826987,0,0,23.5,3.7
15ss_idbs1,AK,2700059,0,0,23,3.7
15ss_idbs1,AK,3428860,0,0,23,3.7
15ss_idbs1,AK,2730205,0,0,22.5,4
15ss_idbs1,AK,3011223,0,0,22,4
15ss_idbs1,AK,3463005,0,0,21,4
15ss_idbs1,AK,3073635,0,0,19.5,5
15ss_idbs1,AK,3130430,0,0,19,5
15ss_idbs1,AK,2640287,0,0,18.5,5
15ss_idbs1,AK,3680113,0,0,17,5
15ss_idbs1,AK,2776856,0,0,16.5,5
15ss_idbs1,AK,3157792,0,0,16.5,5
15ss_idbs1,AK,3781410,0,0,16.5,5
15ss_idbs1,AK,3599762,0,0,15.5,5
15ss_idbs1,AK,3514431,0,0,15.5,5
15ss_idbs1,AK,3076570,0,0,13.5,5
15ss_idbs1,AK,3243780,0,0,10.5,5
15ss_idbs1,AK,2938009,0,0,8.5,5
15ss_idbs1,AK,3289782,1,0,NA,NA
15ss_idbs1,AK,3891733,1,0,NA,NA
15ss_idbs1,AK,3528686,1,0,NA,NA
15ss_idbs1,AK,2586804,1,0,NA,NA
15ss_idbs1,AK,3085808,1,0,NA,NA
15ss_idbs1,AK,3218860,1,0,NA,NA
15ss_idbs1,AK,3267278,1,0,NA,NA
15ss_idbs1,AK,2892549,1,0,NA,NA
15ss_idbs1,AK,2908990,1,0,NA,NA
15ss_idbs2,AK,3058961,0,0,40,1
15ss_idbs2,AK,3891733,0,0,39,1
15ss_idbs2,AK,2627313,0,0,37.5,1.3
15ss_idbs2,AK,3782358,0,0,35.5,1.7
15ss_idbs2,AK,3085808,0,0,34,2
15ss_idbs2,AK,3251958,0,0,33,2
15ss_idbs2,AK,2730205,0,0,32,2.3
15ss_idbs2,AK,2365084,0,0,31.5,2.3
15ss_idbs2,AK,2773103,0,0,31,2.3
15ss_idbs2,AK,3614173,0,0,31,2.3
15ss_idbs2,AK,2776856,0,0,30.5,2.3
15ss_idbs2,AK,2881419,0,0,30,2.7
15ss_idbs2,AK,3221360,0,0,30,2.7
15ss_idbs2,AK,3316800,0,0,29,2.7
15ss_idbs2,AK,3073635,0,0,28.5,2.7
15ss_idbs2,AK,3157792,0,0,28,3
15ss_idbs2,AK,3412240,0,0,27.5,3
15ss_idbs2,AK,2466075,0,0,27,3
15ss_idbs2,AK,3011223,0,0,27,3
15ss_idbs2,AK,3769593,0,0,23.5,3.7
15ss_idbs2,AK,3151635,0,0,22.5,3.7
15ss_idbs2,AK,3599101,0,0,22.5,3.7
15ss_idbs2,AK,3826987,0,0,22.5,3.7
15ss_idbs2,AK,3463005,0,0,21.5,4
15ss_idbs2,AK,3428860,0,0,21,4
15ss_idbs2,AK,2938009,0,0,11.5,5
15ss_idbs2,AK,3514431,0,0,11,5
15ss_idbs2,AK,3267278,0,0,10.5,5
15ss_idbs2,AK,2795965,0,0,3.5,5
15ss_idbs2,AK,2370608,1,0,NA,NA
15ss_idbs2,AK,2700059,1,0,NA,NA
15ss_idbs2,AK,2473641,1,0,NA,NA
15ss_idbs2,AK,3590353,1,0,NA,NA
15ss_idbs2,AK,3130430,1,0,NA,NA
15ss_idbs2,AK,3680113,1,1,NA,NA
15ws_dbs1,AK,2773893,0,0,49.5,1
15ws_dbs1,AK,3933358,0,0,47,1.3
15ws_dbs1,AK,3694017,0,0,47,1.3
15ws_dbs1,AK,3582878,0,0,45,1.3
15ws_dbs1,AK,3191517,0,0,44.5,1.7
15ws_dbs1,AK,3314611,0,0,44.5,1.7
15ws_dbs1,AK,2885644,0,0,44.5,1.7
15ws_dbs1,AK,3290013,0,0,43,1.7
15ws_dbs1,AK,3571598,0,0,43,1.7
15ws_dbs1,AK,2706825,0,0,42.5,1.7
15ws_dbs1,AK,3246085,0,0,42.5,1.7
15ws_dbs1,AK,2355955,0,0,42,2
15ws_dbs1,AK,2974186,0,0,42,2
15ws_dbs1,AK,3258928,0,0,42,2
15ws_dbs1,AK,2511879,0,0,42,2
15ws_dbs1,AK,3062645,0,0,41.5,2
15ws_dbs1,AK,3006293,0,0,41.5,2
15ws_dbs1,AK,2507430,0,0,41,2
15ws_dbs1,AK,3637553,0,0,40,2
15ws_dbs1,AK,2897655,0,0,40,2
15ws_dbs1,AK,3463754,0,0,39,2.3
15ws_dbs1,AK,3535940,0,0,39,2.3
15ws_dbs1,AK,2637085,0,0,39,2.3
15ws_dbs1,AK,3219148,0,0,38.5,2.3
15ws_dbs1,AK,3137802,0,0,38,2.3
15ws_dbs1,AK,3082695,0,0,38,2.3
15ws_dbs1,AK,3577854,0,0,38,2.3
15ws_dbs1,AK,3916123,0,0,38,2.3
15ws_dbs1,AK,3255300,0,0,38,2.3
15ws_dbs1,AK,3936117,0,0,37.5,2.3
15ws_dbs1,AK,2895523,0,0,37,2.7
15ws_dbs1,AK,3398256,0,0,37,2.7
15ws_dbs1,AK,3748078,0,0,36,2.7
15ws_dbs1,AK,2772171,0,0,36,2.7
15ws_dbs1,AK,3230857,0,0,35.5,2.7
15ws_dbs1,AK,3747934,0,0,35.5,2.7
15ws_dbs1,AK,2537652,0,0,35,2.7
15ws_dbs1,AK,2621600,0,0,35,2.7
15ws_dbs1,AK,3453414,0,0,34.5,3
15ws_dbs1,AK,3091413,0,0,34.5,3
15ws_dbs1,AK,2804619,0,0,34,3
15ws_dbs1,AK,2384159,0,0,34,3
15ws_dbs1,AK,2499624,0,0,34,3
15ws_dbs1,AK,3835187,0,0,33.5,3
15ws_dbs1,AK,3107993,0,0,33.5,3
15ws_dbs1,AK,3163111,0,0,33.5,3
15ws_dbs1,AK,3768667,0,0,32.5,3
15ws_dbs1,AK,3170900,0,0,32.5,3
15ws_dbs1,AK,3662045,0,0,32.5,3
15ws_dbs1,AK,2855483,0,0,32,3.3
15ws_dbs1,AK,3408971,0,0,32,3.3
15ws_dbs1,AK,3118365,0,0,31.5,3.3
15ws_dbs1,AK,3588700,0,0,31.5,3.3
15ws_dbs1,AK,3400556,0,0,31.5,3.3
15ws_dbs1,AK,3041815,0,0,31.5,3.3
15ws_dbs1,AK,3747066,0,0,31.5,3.3
15ws_dbs1,AK,3217144,0,0,31,3.3
15ws_dbs1,AK,3508719,0,0,31,3.3
15ws_dbs1,AK,2986175,0,0,30.5,3.3
15ws_dbs1,AK,2410997,0,0,30.5,3.3
15ws_dbs1,AK,2889684,0,0,30.5,3.3
15ws_dbs1,AK,3920073,0,0,30,3.3
15ws_dbs1,AK,2514389,0,0,30,3.3
15ws_dbs1,AK,2697228,0,0,30,3.3
15ws_dbs1,AK,2683253,0,0,30,3.3
15ws_dbs1,AK,3509870,0,0,29,3.7
15ws_dbs1,AK,2704440,0,0,29,3.7
15ws_dbs1,AK,3454313,0,0,28.5,3.7
15ws_dbs1,AK,3272791,0,0,28.5,3.7
15ws_dbs1,AK,2966456,0,0,28,3.7
15ws_dbs1,AK,3661967,0,0,28,3.7
15ws_dbs1,AK,3149685,0,0,28,3.7
15ws_dbs1,AK,2845675,0,0,28,3.7
15ws_dbs1,AK,3125925,0,0,27.5,3.7
15ws_dbs1,AK,3037929,0,0,27.5,3.7
15ws_dbs1,AK,3514121,0,0,27.5,3.7
15ws_dbs1,AK,2828608,0,0,27.5,3.7
15ws_dbs1,AK,2901139,0,0,27,4
15ws_dbs1,AK,3213238,0,0,26.5,4
15ws_dbs1,AK,3788843,0,0,26.5,4
15ws_dbs1,AK,3830302,0,0,26.5,4
15ws_dbs1,AK,2816674,0,0,26.5,4
15ws_dbs1,AK,3830777,0,0,26.5,4
15ws_dbs1,AK,2352669,0,0,26,4
15ws_dbs1,AK,2555353,0,0,25.5,4
15ws_dbs1,AK,2360054,0,0,25.5,4
15ws_dbs1,AK,3590920,0,0,25.5,4
15ws_dbs1,AK,2427498,0,0,25.5,4
15ws_dbs1,AK,3696488,0,0,25,4
15ws_dbs1,AK,3181579,0,0,25,4
15ws_dbs1,AK,3586735,0,0,24.5,5
15ws_dbs1,AK,3187066,0,0,24.5,5
15ws_dbs1,AK,2757371,0,0,24.5,5
15ws_dbs1,AK,2604659,0,0,24.5,5
15ws_dbs1,AK,3865186,0,0,24.5,5
15ws_dbs1,AK,2645991,0,0,24,5
15ws_dbs1,AK,3040253,0,0,24,5
15ws_dbs1,AK,2638797,0,0,24,5
15ws_dbs1,AK,3867021,0,0,23.5,5
15ws_dbs1,AK,3585883,0,0,23,5
15ws_dbs1,AK,3504003,0,0,23,5
15ws_dbs1,AK,2697847,0,0,22.5,5
15ws_dbs1,AK,3731705,0,0,22.5,5
15ws_dbs1,AK,3729968,0,0,22,5
15ws_dbs1,AK,3366961,0,0,21.5,5
15ws_dbs1,AK,3652343,0,0,21,5
15ws_dbs1,AK,3561559,0,0,20,5
15ws_dbs1,AK,2442371,0,0,20,5
15ws_dbs1,AK,2628926,0,0,20,5
15ws_dbs1,AK,2383851,0,0,19.5,5
15ws_dbs1,AK,3738734,0,0,19.5,5
15ws_dbs1,AK,2954653,0,0,19,5
15ws_dbs1,AK,2860166,0,0,19,5
15ws_dbs1,AK,2457485,0,0,19,5
15ws_dbs1,AK,3148771,0,0,19,5
15ws_dbs1,AK,2505970,0,0,18.5,5
15ws_dbs1,AK,2851693,0,0,18.5,5
15ws_dbs1,AK,3401010,0,0,18,5
15ws_dbs1,AK,3008878,0,0,17,5
15ws_dbs1,AK,2988676,0,0,17,5
15ws_dbs1,AK,2371714,0,0,17,5
15ws_dbs1,AK,3769275,0,0,17,5
15ws_dbs1,AK,3690324,0,0,16.5,5
15ws_dbs1,AK,3494349,0,0,16.5,5
15ws_dbs1,AK,2471619,0,0,15.5,5
15ws_dbs1,AK,3933193,0,0,15.5,5
15ws_dbs1,AK,3583505,0,0,15,5
15ws_dbs1,AK,2480715,0,0,15,5
15ws_dbs1,AK,3112895,0,0,15,5
15ws_dbs1,AK,2843193,0,0,15,5
15ws_dbs1,AK,2430407,0,0,14.5,5
15ws_dbs1,AK,2787311,0,0,14.5,5
15ws_dbs1,AK,2350704,0,0,14.5,5
15ws_dbs1,AK,2956688,0,0,14.5,5
15ws_dbs1,AK,3894672,0,0,14,5
15ws_dbs1,AK,3476297,0,0,14,5
15ws_dbs1,AK,3546861,0,0,14,5
15ws_dbs1,AK,3423071,0,0,13,5
15ws_dbs1,AK,3191571,0,0,13,5
15ws_dbs1,AK,2399648,0,0,13,5
15ws_dbs1,AK,3479178,0,0,12.5,5
15ws_dbs1,AK,3531107,0,0,12.5,5
15ws_dbs1,AK,3142631,0,0,12.5,5
15ws_dbs1,AK,2568269,0,0,12,5
15ws_dbs1,AK,3498680,0,0,11,5
15ws_dbs1,AK,3267278,0,0,10.5,5
15ws_dbs1,AK,2839186,0,0,10.5,5
15ws_dbs1,AK,3632008,0,0,10,5
15ws_dbs1,AK,3228470,0,0,10,5
15ws_dbs1,AK,3710449,0,0,9.5,5
15ws_dbs1,AK,3684022,0,0,8.5,5
15ws_dbs1,AK,3802238,0,0,8,5
15ws_dbs1,AK,3731247,0,0,7.5,5
15ws_dbs1,AK,3795904,0,0,5.5,5
15ws_dbs1,AK,3778906,0,0,5,5
15ws_dbs1,AK,3613475,0,0,4.5,5
15ws_dbs1,AK,3742007,1,0,NA,NA
15ws_dbs1,AK,3752996,1,0,NA,NA
15ws_dbs1,AK,3124020,1,0,NA,NA
15ws_dbs1,AK,3533392,1,0,NA,NA
15ws_dbs1,AK,3477978,1,0,NA,NA
15ws_dbs1,AK,3001489,1,0,NA,NA
15ws_dbs1,AK,3143130,1,0,NA,NA
15ws_dbs1,AK,3757464,1,0,NA,NA
15ws_dbs1,AK,3477418,1,0,NA,NA
15ws_dbs1,AK,2488539,1,0,NA,NA
15ws_dbs1,AK,2677700,1,0,NA,NA
15ws_dbs1,AK,3877056,1,0,NA,NA
15ws_dbs1,AK,3304115,1,0,NA,NA
15ws_dbs1,AK,2408380,1,0,NA,NA
15ws_dbs1,AK,3400605,1,0,NA,NA
15ws_dbs1,AK,2549111,1,0,NA,NA
15ws_dbs1,AK,3014776,1,0,NA,NA
15ws_dbs1,AK,3777042,1,0,NA,NA
15ws_dbs1,AK,2593565,1,0,NA,NA
15ws_dbs1,AK,2738596,1,0,NA,NA
15ws_dbs1,AK,3316629,1,0,NA,NA
15ws_dbs1,AK,2647326,1,0,NA,NA
15ws_dbs1,AK,3378204,1,0,NA,NA
15ws_dbs1,AK,2783402,1,0,NA,NA
15ws_dbs1,AK,3290284,1,0,NA,NA
15ws_dbs1,AK,3772772,1,0,NA,NA
15ws_dbs1,AK,2779550,1,0,NA,NA
15ws_dbs1,AK,3619158,1,0,NA,NA
15ws_dbs1,AK,3120526,1,0,NA,NA
15ws_dbs1,AK,3314274,1,0,NA,NA
15ws_dbs1,AK,2959925,1,0,NA,NA
15ws_dbs1,AK,3825204,1,0,NA,NA
15ws_dbs1,AK,2886594,1,0,NA,NA
15ws_dbs1,AK,3347103,1,0,NA,NA
15ws_dbs1,AK,3173296,1,0,NA,NA
15ws_dbs1,AK,2636467,1,0,NA,NA
15ws_dbs1,AK,3834095,1,0,NA,NA
15ws_dbs1,AK,3330552,1,0,NA,NA
15ws_dbs1,AK,2443512,1,0,NA,NA
15ws_dbs1,AK,3025640,1,0,NA,NA
15ws_dbs1,AK,3120281,1,0,NA,NA
15ws_dbs1,AK,2962478,1,0,NA,NA
15ws_dbs1,AK,2957270,1,0,NA,NA
15ws_dbs1,AK,3680716,1,0,NA,NA
15ws_dbs1,AK,3349420,1,0,NA,NA
15ws_dbs1,AK,3675899,1,0,NA,NA
15ws_dbs1,AK,2554353,1,0,NA,NA
15ws_dbs1,AK,2457342,1,0,NA,NA
15ws_dbs1,AK,3599283,1,0,NA,NA
15ws_dbs1,AK,2364012,1,0,NA,NA
15ws_mrdbs,AK,3782358,0,0,42,1
15ws_mrdbs,AK,3130637,0,0,38.5,1.3
15ws_mrdbs,AK,2854838,0,0,38.5,1.3
15ws_mrdbs,AK,2627313,0,0,37.5,1.7
15ws_mrdbs,AK,3505393,0,0,35,2
15ws_mrdbs,AK,3542883,0,0,34.5,2
15ws_mrdbs,AK,3518549,0,0,34,2
15ws_mrdbs,AK,2845296,0,0,33.5,2.3
15ws_mrdbs,AK,3251958,0,0,31.5,2.7
15ws_mrdbs,AK,3246085,0,0,31,2.7
15ws_mrdbs,AK,2881419,0,0,31,2.7
15ws_mrdbs,AK,2932142,0,0,28,3
15ws_mrdbs,AK,3205615,0,0,26.5,3.3
15ws_mrdbs,AK,2430940,0,0,26,3.3
15ws_mrdbs,AK,2926916,0,0,26,3.3
15ws_mrdbs,AK,2445967,0,0,25.5,3.3
15ws_mrdbs,AK,2631079,0,0,25,3.7
15ws_mrdbs,AK,2483661,0,0,25,3.7
15ws_mrdbs,AK,3085808,0,0,25,3.7
15ws_mrdbs,AK,3833307,0,0,24.5,3.7
15ws_mrdbs,AK,3356420,0,0,24,3.7
15ws_mrdbs,AK,3316800,0,0,23.5,3.7
15ws_mrdbs,AK,2448396,0,0,23,4
15ws_mrdbs,AK,3011223,0,0,22.5,4
15ws_mrdbs,AK,3499925,0,0,21.5,4
15ws_mrdbs,AK,2842724,0,0,20,5
15ws_mrdbs,AK,3535914,0,0,18.5,5
15ws_mrdbs,AK,3472323,0,0,17,5
15ws_mrdbs,AK,3412240,0,0,16.5,5
15ws_mrdbs,AK,2813425,0,0,16.5,5
15ws_mrdbs,AK,2939428,0,0,16,5
15ws_mrdbs,AK,3482006,0,0,14,5
15ws_mrdbs,AK,3181640,0,0,14,5
15ws_mrdbs,AK,2626382,0,0,12,5
15ws_mrdbs,AK,2462493,0,0,10,5
15ws_mrdbs,AK,3918729,0,0,9.5,5
15ws_mrdbs,AK,3307553,0,0,8.5,5
15ws_mrdbs,AK,3236513,0,0,7,5
15ws_mrdbs,AK,3615316,0,0,4,5
15ws_mrdbs,AK,3124707,0,0,2,5
15ws_mrdbs,AK,2986949,1,1,NA,NA
15ws_mrdbs,AK,3891733,1,0,NA,NA
15ws_mrdbs,AK,3449223,1,0,NA,NA
15ws_mrdbs,AK,3635443,1,0,NA,NA
15ws_mrdbs,AK,2382559,1,1,NA,NA
15ws_mrdbs,AK,2602743,1,0,NA,NA
15ws_mrdbs,AK,2809679,1,0,NA,NA
15ws_mrdbs,AK,2844172,1,0,NA,NA
15ws_mrdbs,AK,2642382,1,0,NA,NA
15ws_mrdbs,AK,3605425,1,0,NA,NA
15ws_mrdbs,AK,3151649,1,0,NA,NA
15ws_mrdbs,AK,2669952,1,0,NA,NA
15ws_nosql,AK,3058961,0,0,41,1
15ws_nosql,AK,3251958,0,0,40.5,1
15ws_nosql,AK,3782358,0,0,40.5,1
15ws_nosql,AK,3130637,0,0,39.5,1
15ws_nosql,AK,3183854,0,0,39,1
15ws_nosql,AK,3513182,0,0,37.5,1.3
15ws_nosql,AK,3833307,0,0,37.5,1.3
15ws_nosql,AK,3412240,0,0,36.5,1.7
15ws_nosql,AK,3246085,0,0,36.5,1.7
15ws_nosql,AK,3151635,0,0,36,1.7
15ws_nosql,AK,2881419,0,0,35.5,1.7
15ws_nosql,AK,2627313,0,0,34.5,2
15ws_nosql,AK,2382559,0,0,34.5,2
15ws_nosql,AK,3157792,0,0,34,2
15ws_nosql,AK,2365084,0,0,33.5,2
15ws_nosql,AK,2854838,0,0,33.5,2
15ws_nosql,AK,2932142,0,0,32.5,2.3
15ws_nosql,AK,3085808,0,0,32.5,2.3
15ws_nosql,AK,3307553,0,0,32,2.3
15ws_nosql,AK,2845296,0,0,32,2.3
15ws_nosql,AK,3614173,0,0,31.5,2.3
15ws_nosql,AK,3356420,0,0,30.5,2.7
15ws_nosql,AK,2448396,0,0,30.5,2.7
15ws_nosql,AK,3073635,0,0,30.5,2.7
15ws_nosql,AK,2430940,0,0,30,2.7
15ws_nosql,AK,2669952,0,0,30,2.7
15ws_nosql,AK,3505393,0,0,30,2.7
15ws_nosql,AK,2926916,0,0,29,2.7
15ws_nosql,AK,3236513,0,0,28.5,3
15ws_nosql,AK,2483661,0,0,28.5,3
15ws_nosql,AK,3499925,0,0,28,3
15ws_nosql,AK,3518549,0,0,28,3
15ws_nosql,AK,2844172,0,0,27.5,3
15ws_nosql,AK,3535914,0,0,27.5,3
15ws_nosql,AK,2813425,0,0,27,3
15ws_nosql,AK,3918729,0,0,27,3
15ws_nosql,AK,3642072,0,0,26.5,3.3
15ws_nosql,AK,3181640,0,0,23.5,3.7
15ws_nosql,AK,2842724,0,0,23.5,3.7
15ws_nosql,AK,3011223,0,0,23,3.7
15ws_nosql,AK,3300253,0,0,23,3.7
15ws_nosql,AK,3503118,0,0,23,3.7
15ws_nosql,AK,3542883,0,0,22.5,4
15ws_nosql,AK,2626382,0,0,21,4
15ws_nosql,AK,2939428,0,0,20.5,5
15ws_nosql,AK,2462493,0,0,19.5,5
15ws_nosql,AK,3472323,0,0,18.5,5
15ws_nosql,AK,3615316,0,0,18,5
15ws_nosql,AK,2986949,0,0,7.5,5
15ws_nosql,AK,3590353,0,0,2.5,5
15ws_nosql,AK,3124707,0,0,1.5,5
15ws_nosql,AK,2708641,0,0,1,5
15ws_nosql,AK,3891733,1,0,NA,NA
15ws_nosql,AK,2445967,1,1,NA,NA
15ws_nosql,AK,3205615,1,0,NA,NA
15ws_nosql,AK,3449223,1,0,NA,NA
15ws_nosql,AK,2602743,1,0,NA,NA
15ws_nosql,AK,3482006,1,0,NA,NA
15ws_nosql,AK,2809679,1,0,NA,NA
15ws_nosql,AK,3151649,1,0,NA,NA
16ss_dbs2,AK,3782358,0,0,45.5,1
16ss_dbs2,AK,3258928,0,0,39.5,1.7
16ss_dbs2,AK,2410997,0,0,38.5,2
16ss_dbs2,AK,2773893,0,0,37.5,2
16ss_dbs2,AK,3062645,0,0,36.5,2
16ss_dbs2,AK,2368711,0,0,35.5,2.3
16ss_dbs2,AK,3463754,0,0,35.5,2.3
16ss_dbs2,AK,3290013,0,0,34.5,2.3
16ss_dbs2,AK,2637085,0,0,34.5,2.3
16ss_dbs2,AK,2889684,0,0,34,2.7
16ss_dbs2,AK,2355955,0,0,33.5,2.7
16ss_dbs2,AK,3317111,0,0,33.5,2.7
16ss_dbs2,AK,3238538,0,0,33,2.7
16ss_dbs2,AK,2885644,0,0,32.5,2.7
16ss_dbs2,AK,3535940,0,0,32,2.7
16ss_dbs2,AK,3494349,0,0,31.5,3
16ss_dbs2,AK,3107993,0,0,31.5,3
16ss_dbs2,AK,3936117,0,0,31,3
16ss_dbs2,AK,3008878,0,0,31,3
16ss_dbs2,AK,2621600,0,0,31,3
16ss_dbs2,AK,3830302,0,0,29.5,3.3
16ss_dbs2,AK,3729968,0,0,29.5,3.3
16ss_dbs2,AK,3217144,0,0,29.5,3.3
16ss_dbs2,AK,2537652,0,0,29,3.3
16ss_dbs2,AK,3652343,0,0,29,3.3
16ss_dbs2,AK,3330552,0,0,29,3.3
16ss_dbs2,AK,3661967,0,0,28.5,3.3
16ss_dbs2,AK,2505970,0,0,28.5,3.3
16ss_dbs2,AK,3835187,0,0,28.5,3.3
16ss_dbs2,AK,2683253,0,0,28,3.3
16ss_dbs2,AK,2895523,0,0,28,3.3
16ss_dbs2,AK,3170900,0,0,27.5,3.3
16ss_dbs2,AK,3508719,0,0,27,3.7
16ss_dbs2,AK,2383851,0,0,27,3.7
16ss_dbs2,AK,2948404,0,0,26.5,3.7
16ss_dbs2,AK,3920073,0,0,26.5,3.7
16ss_dbs2,AK,3334212,0,0,24.5,4
16ss_dbs2,AK,3200672,0,0,24.5,4
16ss_dbs2,AK,2468476,0,0,24,4
16ss_dbs2,AK,3453414,0,0,24,4
16ss_dbs2,AK,3213238,0,0,23.5,4
16ss_dbs2,AK,3181640,0,0,23.5,4
16ss_dbs2,AK,3272791,0,0,22.5,5
16ss_dbs2,AK,2772171,0,0,22,5
16ss_dbs2,AK,2845675,0,0,22,5
16ss_dbs2,AK,3040253,0,0,22,5
16ss_dbs2,AK,2966456,0,0,21.5,5
16ss_dbs2,AK,3255300,0,0,21.5,5
16ss_dbs2,AK,3366961,0,0,21,5
16ss_dbs2,AK,3187066,0,0,20.5,5
16ss_dbs2,AK,2966325,0,0,20.5,5
16ss_dbs2,AK,3091413,0,0,20,5
16ss_dbs2,AK,2690640,0,0,20,5
16ss_dbs2,AK,3015331,0,0,19.5,5
16ss_dbs2,AK,2901139,0,0,19,5
16ss_dbs2,AK,3041815,0,0,18.5,5
16ss_dbs2,AK,3668038,0,0,18.5,5
16ss_dbs2,AK,2555353,0,0,18.5,5
16ss_dbs2,AK,3471945,0,0,18.5,5
16ss_dbs2,AK,3069997,0,0,18,5
16ss_dbs2,AK,2480715,0,0,18,5
16ss_dbs2,AK,3509870,0,0,17.5,5
16ss_dbs2,AK,3585883,0,0,17.5,5
16ss_dbs2,AK,3750079,0,0,17,5
16ss_dbs2,AK,3148771,0,0,16.5,5
16ss_dbs2,AK,2427498,0,0,16.5,5
16ss_dbs2,AK,3125925,0,0,15.5,5
16ss_dbs2,AK,3460607,0,0,15.5,5
16ss_dbs2,AK,3867021,0,0,14,5
16ss_dbs2,AK,3918729,0,0,13.5,5
16ss_dbs2,AK,3747934,0,0,12,5
16ss_dbs2,AK,3865186,0,0,12,5
16ss_dbs2,AK,3869176,0,0,11,5
16ss_dbs2,AK,2360054,0,0,10.5,5
16ss_dbs2,AK,3267278,0,0,10,5
16ss_dbs2,AK,3590920,0,0,6,5
16ss_dbs2,AK,3228470,0,0,5,5
16ss_dbs2,AK,3322726,0,0,3.5,5
16ss_dbs2,AK,3927315,1,0,NA,NA
16ss_dbs2,AK,3026064,1,0,NA,NA
16ss_dbs2,AK,3408971,1,0,NA,NA
16ss_dbs2,AK,3514121,1,0,NA,NA
16ss_dbs2,AK,3675317,1,0,NA,NA
16ss_dbs2,AK,3289782,1,0,NA,NA
16ss_dbs2,AK,2442371,1,0,NA,NA
16ss_dbs2,AK,3454313,1,0,NA,NA
16ss_dbs2,AK,2645991,1,0,NA,NA
16ss_dbs2,AK,2352669,1,0,NA,NA
16ss_dbs2,AK,3037929,1,0,NA,NA
16ss_dbs2,AK,2697847,1,0,NA,NA
16ss_dbs2,AK,3400556,1,0,NA,NA
16ss_dbs2,AK,3856535,1,0,NA,NA
16ss_dbs2,AK,3415052,1,0,NA,NA
16ss_dbs2,AK,3476297,1,0,NA,NA
16ss_dbs2,AK,3165980,1,0,NA,NA
16ss_di,AK,3232461,0,0,52.5,1
16ss_di,AK,3179540,0,0,51.5,1
16ss_di,AK,3667891,0,0,48,1.3
16ss_di,AK,3535585,0,0,46.5,1.7
16ss_di,AK,3130637,0,0,45.5,1.7
16ss_di,AK,3743614,0,0,44,2
16ss_di,AK,3316800,0,0,43,2
16ss_di,AK,2758233,0,0,42.5,2
16ss_di,AK,3205615,0,0,41.5,2.3
16ss_di,AK,2545874,0,0,39,2.7
16ss_di,AK,2905144,0,0,39,2.7
16ss_di,AK,3011223,0,0,39,2.7
16ss_di,AK,2430940,0,0,37.5,2.7
16ss_di,AK,3307553,0,0,37,2.7
16ss_di,AK,3922903,0,0,37,2.7
16ss_di,AK,2528097,0,0,36.5,3
16ss_di,AK,2932142,0,0,35,3
16ss_di,AK,3916123,0,0,34.5,3
16ss_di,AK,3656941,0,0,34,3.3
16ss_di,AK,3535914,0,0,32.5,3.3
16ss_di,AK,2369791,0,0,32.5,3.3
16ss_di,AK,2908677,0,0,32,3.3
16ss_di,AK,3441398,0,0,31.5,3.7
16ss_di,AK,2445967,0,0,31,3.7
16ss_di,AK,3181640,0,0,30.5,3.7
16ss_di,AK,3685487,0,0,29.5,3.7
16ss_di,AK,3392138,0,0,27.5,4
16ss_di,AK,3499925,0,0,26.5,4
16ss_di,AK,3073635,0,0,26.5,4
16ss_di,AK,3463013,0,0,26,5
16ss_di,AK,3236513,0,0,24.5,5
16ss_di,AK,3865100,0,0,24,5
16ss_di,AK,2813425,0,0,14.5,5
16ss_di,AK,2538534,0,0,14.5,5
16ss_di,AK,2669952,0,0,7,5
16ss_di,AK,3782358,1,0,NA,NA
16ss_di,AK,3891733,1,0,NA,NA
16ss_di,AK,3635443,1,0,NA,NA
16ss_di,AK,2547095,1,0,NA,NA
16ss_di,AK,2493045,1,0,NA,NA
16ss_di,AK,3590353,1,0,NA,NA
16ss_di,AK,3615316,1,0,NA,NA
16ss_di,AK,3614173,1,0,NA,NA
16ss_di,AK,2472020,1,0,NA,NA
16ss_di,AK,2938009,1,0,NA,NA
16ss_di,AK,2937673,1,0,NA,NA
16ss_di,AK,3907982,1,0,NA,NA
16ss_dwh,AK,3232461,0,0,45,1
16ss_dwh,AK,3130637,0,0,43.5,1
16ss_dwh,AK,3179540,0,0,43.5,1
16ss_dwh,AK,3782358,0,0,41.5,1.3
16ss_dwh,AK,3535585,0,0,38.5,1.7
16ss_dwh,AK,2528097,0,0,38.5,1.7
16ss_dwh,AK,3743614,0,0,37,2
16ss_dwh,AK,2905144,0,0,37,2
16ss_dwh,AK,3667891,0,0,37,2
16ss_dwh,AK,2545874,0,0,34.5,2.3
16ss_dwh,AK,3205615,0,0,34.5,2.3
16ss_dwh,AK,3307553,0,0,34.5,2.3
16ss_dwh,AK,2908677,0,0,34,2.3
16ss_dwh,AK,3656941,0,0,34,2.3
16ss_dwh,AK,2758233,0,0,33.5,2.7
16ss_dwh,AK,2538534,0,0,31.5,2.7
16ss_dwh,AK,3922903,0,0,31,3
16ss_dwh,AK,2445967,0,0,30,3
16ss_dwh,AK,3441398,0,0,30,3
16ss_dwh,AK,3615316,0,0,29.5,3
16ss_dwh,AK,3916123,0,0,29.5,3
16ss_dwh,AK,3011223,0,0,29,3.3
16ss_dwh,AK,2932142,0,0,28.5,3.3
16ss_dwh,AK,3535914,0,0,27.5,3.3
16ss_dwh,AK,3463013,0,0,27,3.7
16ss_dwh,AK,3236513,0,0,26.5,3.7
16ss_dwh,AK,2369791,0,0,25.5,3.7
16ss_dwh,AK,2472020,0,0,24.5,4
16ss_dwh,AK,2813425,0,0,24,4
16ss_dwh,AK,3392138,0,0,22.5,5
16ss_dwh,AK,3181640,0,0,19.5,5
16ss_dwh,AK,3781410,0,0,18.5,5
16ss_dwh,AK,3865100,0,0,10,5
16ss_dwh,AK,2430940,1,0,NA,NA
16ss_dwh,AK,3685487,1,0,NA,NA
16ss_dwh,AK,3499925,1,0,NA,NA
16ss_dwh,AK,3635443,1,0,NA,NA
16ss_dwh,AK,2547095,1,0,NA,NA
16ss_dwh,AK,2493045,1,0,NA,NA
16ss_dwh,AK,3589297,1,0,NA,NA
16ss_dwh,AK,3590353,1,0,NA,NA
16ss_dwh,AK,3316800,1,0,NA,NA
16ss_dwh,AK,3614173,1,0,NA,NA
16ss_dwh,AK,3267278,1,0,NA,NA
16ss_dwh,AK,2938009,1,0,NA,NA
16ss_dwh,AK,3073635,1,0,NA,NA
16ss_dwh,AK,2937673,1,0,NA,NA
16ss_nosql_wh,WDH,3205615,0,0,41,1
16ss_nosql_wh,WDH,2445967,0,0,31.5,2.3
16ss_nosql_wh,WDH,3449223,0,0,31,2.3
16ss_nosql_wh,WDH,3151649,0,0,13,5
16ss_nosql_wh,WDH,3891733,1,0,NA,NA
16ss_nosql_wh,WDH,2602743,1,0,NA,NA
16ss_nosql_wh,WDH,3482006,1,0,NA,NA
16ss_nosql_wh,WDH,2809679,1,0,NA,NA
16ss_nosql_wh,WDH,2986949,1,0,NA,NA
16ss_nosql_wh,WDH,3590353,1,1,NA,NA
16ss_nosql_wh,WDH,2708641,1,0,NA,NA
16ss_nosql_wh,WDH,3124707,1,0,NA,NA
16ws_cdm,AK,2660628,0,0,47.5,1
16ws_cdm,AK,3535585,0,0,47,1
16ws_cdm,AK,3290013,0,0,46,1
16ws_cdm,AK,3388808,0,0,45,1.3
16ws_cdm,AK,2974186,0,0,43,1.3
16ws_cdm,AK,3571598,0,0,43,1.3
16ws_cdm,AK,3205615,0,0,42.5,1.7
16ws_cdm,AK,3577854,0,0,42.5,1.7
16ws_cdm,AK,3314611,0,0,41.5,1.7
16ws_cdm,AK,2528097,0,0,41.5,1.7
16ws_cdm,AK,3330552,0,0,41,1.7
16ws_cdm,AK,2804376,0,0,41,1.7
16ws_cdm,AK,2969842,0,0,39.5,2
16ws_cdm,AK,3091456,0,0,39.5,2
16ws_cdm,AK,2637085,0,0,39,2
16ws_cdm,AK,3635443,0,0,37.5,2.3
16ws_cdm,AK,3829731,0,0,36.5,2.3
16ws_cdm,AK,3835187,0,0,35,2.7
16ws_cdm,AK,2895523,0,0,34.5,2.7
16ws_cdm,AK,3453414,0,0,34.5,2.7
16ws_cdm,AK,2621600,0,0,34,2.7
16ws_cdm,AK,2908677,0,0,34,2.7
16ws_cdm,AK,3809816,0,0,33.5,2.7
16ws_cdm,AK,2626405,0,0,33.5,2.7
16ws_cdm,AK,3370698,0,0,33.5,2.7
16ws_cdm,AK,3514431,0,0,32,3
16ws_cdm,AK,3350783,0,0,32,3
16ws_cdm,AK,3748078,0,0,31.5,3
16ws_cdm,AK,3267278,0,0,30.5,3.3
16ws_cdm,AK,3450035,0,0,30,3.3
16ws_cdm,AK,3181640,0,0,30,3.3
16ws_cdm,AK,3272791,0,0,30,3.3
16ws_cdm,AK,2901139,0,0,29.5,3.3
16ws_cdm,AK,2454758,0,0,29.5,3.3
16ws_cdm,AK,3213238,0,0,29,3.3
16ws_cdm,AK,3662045,0,0,29,3.3
16ws_cdm,AK,3236513,0,0,29,3.3
16ws_cdm,AK,2461286,0,0,29,3.3
16ws_cdm,AK,3936117,0,0,28.5,3.7
16ws_cdm,AK,3477044,0,0,28.5,3.7
16ws_cdm,AK,3478878,0,0,28,3.7
16ws_cdm,AK,3187066,0,0,27,3.7
16ws_cdm,AK,3118365,0,0,27,3.7
16ws_cdm,AK,2390465,0,0,24,4
16ws_cdm,AK,3125925,0,0,22.5,5
16ws_cdm,AK,3366961,0,0,22,5
16ws_cdm,AK,3055690,0,0,11.5,5
16ws_cdm,AK,2436209,0,0,6.5,5
16ws_cdm,AK,2604659,0,0,5.5,5
16ws_cdm,AK,3038127,1,0,5,5
16ws_cdm,AK,3228470,0,0,4,5
16ws_cdm,AK,2938009,1,0,4,5
16ws_cdm,AK,2493045,1,0,3,5
16ws_cdm,AK,2445967,0,0,2.5,5
16ws_cdm,AK,3392138,1,0,2,5
16ws_cdm,AK,2370608,1,0,1,5
16ws_cdm,AK,2804619,1,0,1,5
16ws_cdm,AK,2618598,1,0,1,5
16ws_cdm,AK,2355955,1,0,-3,NA
16ws_cdm,AK,3540143,1,0,-3,NA
16ws_cdm,AK,2507430,1,0,-4,NA
16ws_dbs1,AK,3073199,0,0,47,1
16ws_dbs1,AK,2507880,0,0,44.5,1.3
16ws_dbs1,AK,2994137,0,0,44.5,1.3
16ws_dbs1,AK,3767291,0,0,44,1.3
16ws_dbs1,AK,2465834,0,0,43,1.3
16ws_dbs1,AK,2406751,0,0,43,1.3
16ws_dbs1,AK,2606022,0,0,41.5,1.7
16ws_dbs1,AK,2636152,0,0,41.5,1.7
16ws_dbs1,AK,2824223,0,0,41,1.7
16ws_dbs1,AK,3099551,0,0,41,1.7
16ws_dbs1,AK,2419134,0,0,41,1.7
16ws_dbs1,AK,3818536,0,0,41,1.7
16ws_dbs1,AK,3292800,0,0,40.5,1.7
16ws_dbs1,AK,2796538,0,0,39.5,2
16ws_dbs1,AK,2969842,0,0,39.5,2
16ws_dbs1,AK,3689810,0,0,38,2
16ws_dbs1,AK,2972377,0,0,37.5,2.3
16ws_dbs1,AK,3814934,0,0,37,2.3
16ws_dbs1,AK,3195563,0,0,37,2.3
16ws_dbs1,AK,3624712,0,0,37,2.3
16ws_dbs1,AK,3549467,0,0,36.5,2.3
16ws_dbs1,AK,3315708,0,0,36,2.3
16ws_dbs1,AK,3705308,0,0,36,2.3
16ws_dbs1,AK,3423919,0,0,35,2.7
16ws_dbs1,AK,2698462,0,0,35,2.7
16ws_dbs1,AK,2544297,0,0,35,2.7
16ws_dbs1,AK,2558967,0,0,34.5,2.7
16ws_dbs1,AK,2489800,0,0,34.5,2.7
16ws_dbs1,AK,3871954,0,0,34,2.7
16ws_dbs1,AK,2453644,0,0,34,2.7
16ws_dbs1,AK,3479178,0,0,34,2.7
16ws_dbs1,AK,3383317,0,0,34,2.7
16ws_dbs1,AK,3043109,0,0,34,2.7
16ws_dbs1,AK,2619123,0,0,34,2.7
16ws_dbs1,AK,3363309,0,0,34,2.7
16ws_dbs1,AK,3787501,0,0,33.5,2.7
16ws_dbs1,AK,3031121,0,0,33.5,2.7
16ws_dbs1,AK,3155009,0,0,33,2.7
16ws_dbs1,AK,2600380,0,0,33,2.7
16ws_dbs1,AK,2822033,0,0,33,2.7
16ws_dbs1,AK,3654202,0,0,33,2.7
16ws_dbs1,AK,3789692,0,0,33,2.7
16ws_dbs1,AK,2886393,0,0,33,2.7
16ws_dbs1,AK,2420966,0,0,33,2.7
16ws_dbs1,AK,2595205,0,0,32.5,3
16ws_dbs1,AK,3385247,0,0,32,3
16ws_dbs1,AK,2622759,0,0,32,3
16ws_dbs1,AK,2428059,0,0,32,3
16ws_dbs1,AK,3604547,0,0,31,3
16ws_dbs1,AK,2542549,0,0,31,3
16ws_dbs1,AK,2832324,0,0,30.5,3.3
16ws_dbs1,AK,2378305,0,0,30.5,3.3
16ws_dbs1,AK,3783372,0,0,30.5,3.3
16ws_dbs1,AK,3227895,0,0,30.5,3.3
16ws_dbs1,AK,3232792,0,0,30.5,3.3
16ws_dbs1,AK,2549111,0,0,30,3.3
16ws_dbs1,AK,2980854,0,0,30,3.3
16ws_dbs1,AK,2766950,0,0,29.5,3.3
16ws_dbs1,AK,2978757,0,0,29.5,3.3
16ws_dbs1,AK,3803153,0,0,29,3.3
16ws_dbs1,AK,3507233,0,0,29,3.3
16ws_dbs1,AK,2604150,0,0,29,3.3
16ws_dbs1,AK,3828938,0,0,28.5,3.3
16ws_dbs1,AK,3027376,0,0,28.5,3.3
16ws_dbs1,AK,3632008,0,0,28.5,3.3
16ws_dbs1,AK,3039995,0,0,28.5,3.3
16ws_dbs1,AK,2943676,0,0,28,3.7
16ws_dbs1,AK,3698150,0,0,28,3.7
16ws_dbs1,AK,3793264,0,0,28,3.7
16ws_dbs1,AK,3204181,0,0,27.5,3.7
16ws_dbs1,AK,2655195,0,0,27.5,3.7
16ws_dbs1,AK,2993779,0,0,27.5,3.7
16ws_dbs1,AK,3592683,0,0,27.5,3.7
16ws_dbs1,AK,3839605,0,0,27,3.7
16ws_dbs1,AK,3162066,0,0,27,3.7
16ws_dbs1,AK,3694297,0,0,26.5,3.7
16ws_dbs1,AK,3894672,0,0,26.5,3.7
16ws_dbs1,AK,3075555,0,0,26.5,3.7
16ws_dbs1,AK,3488794,0,0,26,3.7
16ws_dbs1,AK,3597191,0,0,26,3.7
16ws_dbs1,AK,2383120,0,0,26,3.7
16ws_dbs1,AK,3155140,0,0,26,3.7
16ws_dbs1,AK,3304115,0,0,25.5,4
16ws_dbs1,AK,2951157,0,0,25.5,4
16ws_dbs1,AK,2713241,0,0,25,4
16ws_dbs1,AK,3821685,0,0,24.5,4
16ws_dbs1,AK,3739211,0,0,24.5,4
16ws_dbs1,AK,2390585,0,0,24.5,4
16ws_dbs1,AK,2346317,0,0,24.5,4
16ws_dbs1,AK,3684022,0,0,24.5,4
16ws_dbs1,AK,3110490,0,0,24.5,4
16ws_dbs1,AK,2570223,0,0,24.5,4
16ws_dbs1,AK,2867038,0,0,24,4
16ws_dbs1,AK,2403788,0,0,24,4
16ws_dbs1,AK,3183654,0,0,24,4
16ws_dbs1,AK,3199661,0,0,24,4
16ws_dbs1,AK,3802238,0,0,24,4
16ws_dbs1,AK,3710449,0,0,24,4
16ws_dbs1,AK,3622686,0,0,23.5,5
16ws_dbs1,AK,3026064,0,0,23.5,5
16ws_dbs1,AK,3603729,0,0,23,5
16ws_dbs1,AK,3492190,0,0,23,5
16ws_dbs1,AK,3288932,0,0,23,5
16ws_dbs1,AK,3575689,0,0,23,5
16ws_dbs1,AK,3797131,0,0,23,5
16ws_dbs1,AK,3161504,0,0,22.5,5
16ws_dbs1,AK,3700949,0,0,22.5,5
16ws_dbs1,AK,2994539,0,0,22,5
16ws_dbs1,AK,2394070,0,0,22,5
16ws_dbs1,AK,2572267,0,0,22,5
16ws_dbs1,AK,3613475,0,0,22,5
16ws_dbs1,AK,3095218,0,0,21.5,5
16ws_dbs1,AK,2882340,0,0,21,5
16ws_dbs1,AK,2378521,0,0,21,5
16ws_dbs1,AK,3494474,0,0,20.5,5
16ws_dbs1,AK,2668698,0,0,20.5,5
16ws_dbs1,AK,3352244,0,0,20,5
16ws_dbs1,AK,3386891,0,0,20,5
16ws_dbs1,AK,2982600,0,0,20,5
16ws_dbs1,AK,3315806,0,0,20,5
16ws_dbs1,AK,3641537,0,0,20,5
16ws_dbs1,AK,2394843,0,0,19.5,5
16ws_dbs1,AK,3531365,0,0,19.5,5
16ws_dbs1,AK,3810464,0,0,19,5
16ws_dbs1,AK,2568269,0,0,19,5
16ws_dbs1,AK,2801291,0,0,19,5
16ws_dbs1,AK,3933193,0,0,19,5
16ws_dbs1,AK,3639284,0,0,18.5,5
16ws_dbs1,AK,2753024,0,0,18.5,5
16ws_dbs1,AK,2832610,0,0,18.5,5
16ws_dbs1,AK,2430407,0,0,18.5,5
16ws_dbs1,AK,2890948,0,0,18,5
16ws_dbs1,AK,3915008,0,0,18,5
16ws_dbs1,AK,3450112,0,0,18,5
16ws_dbs1,AK,3498680,0,0,18,5
16ws_dbs1,AK,3908938,0,0,17.5,5
16ws_dbs1,AK,3769576,0,0,17.5,5
16ws_dbs1,AK,3348443,0,0,17,5
16ws_dbs1,AK,3531107,0,0,17,5
16ws_dbs1,AK,3563269,0,0,16.5,5
16ws_dbs1,AK,3747484,0,0,16.5,5
16ws_dbs1,AK,2452537,0,0,15.5,5
16ws_dbs1,AK,3424178,0,0,15.5,5
16ws_dbs1,AK,3841187,0,0,15.5,5
16ws_dbs1,AK,3458531,0,0,14,5
16ws_dbs1,AK,2945677,0,0,14,5
16ws_dbs1,AK,2408380,0,0,14,5
16ws_dbs1,AK,2572295,0,0,14,5
16ws_dbs1,AK,3724448,0,0,14,5
16ws_dbs1,AK,2683788,0,0,13.5,5
16ws_dbs1,AK,3616866,0,0,13.5,5
16ws_dbs1,AK,2496133,0,0,13,5
16ws_dbs1,AK,3713417,0,0,12,5
16ws_dbs1,AK,3478046,0,0,12,5
16ws_dbs1,AK,2753240,0,0,12,5
16ws_dbs1,AK,3419107,0,0,12,5
16ws_dbs1,AK,3325882,0,0,12,5
16ws_dbs1,AK,2783402,0,0,11.5,5
16ws_dbs1,AK,2393113,0,0,9.5,5
16ws_dbs1,AK,2933261,0,0,9,5
16ws_dbs1,AK,3160112,0,0,8,5
16ws_dbs1,AK,3173030,0,0,7,5
16ws_dbs1,AK,3437045,0,0,6,5
16ws_dbs1,AK,2977409,0,0,5,5
16ws_dbs1,AK,2426534,0,0,5,5
16ws_dbs1,AK,3752996,1,0,5,5
16ws_dbs1,AK,3887956,1,0,5,5
16ws_dbs1,AK,2831365,1,0,5,5
16ws_dbs1,AK,3533392,0,0,4,5
16ws_dbs1,AK,3403053,1,0,4,5
16ws_dbs1,AK,3082829,1,0,4,5
16ws_dbs1,AK,3879441,1,0,4,5
16ws_dbs1,AK,3358535,1,0,3,5
16ws_dbs1,AK,2469579,1,0,3,5
16ws_dbs1,AK,3795358,1,0,3,5
16ws_dbs1,AK,3658386,0,0,2,5
16ws_dbs1,AK,3182286,1,0,2,5
16ws_dbs1,AK,3776082,0,0,1.5,5
16ws_dbs1,AK,3499693,1,0,1,5
16ws_dbs1,AK,3872457,1,0,1,5
16ws_dbs1,AK,2868687,1,0,1,5
16ws_dbs1,AK,3690005,0,0,0.5,5
16ws_dbs1,AK,3359769,1,0,0,NA
16ws_dbs1,AK,2783421,1,0,0,NA
16ws_dbs1,AK,3775958,1,0,0,NA
16ws_dbs1,AK,2459357,1,0,0,NA
16ws_dbs1,AK,3127106,1,0,-2,NA
16ws_dbs1,AK,3841358,1,0,-3,NA
16ws_dbs1,AK,3547859,1,0,-3,NA
16ws_dbs1,AK,2555866,1,0,-3,NA
16ws_dbs1,AK,3850170,1,0,-3,NA
16ws_dbs1,AK,3782896,1,0,-3,NA
16ws_dbs1,AK,2623934,1,0,-3,NA
16ws_dbs1,AK,2446967,1,0,-3,NA
16ws_dbs1,AK,3753725,1,0,-3,NA
16ws_dbs1,AK,3150444,1,0,-4,NA
16ws_dbs1,AK,3614611,1,0,-4,NA
16ws_dbs1,AK,2603951,1,0,-4,NA
16ws_dbs1,AK,3170444,1,0,-4,NA
16ws_dbs1,AK,3792719,1,0,-5,NA
16ws_dbs2_wh,WDH,3514121,0,0,40.5,1
16ws_dbs2_wh,WDH,3228470,0,0,35.5,1.7
16ws_dbs2_wh,WDH,3322726,0,0,31.5,2.3
16ws_dbs2_wh,WDH,3856535,0,0,29.5,2.7
16ws_dbs2_wh,WDH,3400556,0,0,27.5,3
16ws_dbs2_wh,WDH,2697847,0,0,25.5,3.3
16ws_dbs2_wh,WDH,3037929,0,0,23,3.7
16ws_dbs2_wh,WDH,3267278,0,0,21,4
16ws_dbs2_wh,WDH,3476297,0,0,21,4
16ws_dbs2_wh,WDH,2645991,0,0,19.5,5
16ws_dbs2_wh,WDH,3590920,0,0,16.5,5
16ws_dbs2_wh,WDH,3026064,0,0,13.5,5
16ws_dbs2_wh,WDH,3069997,0,0,10.5,5
16ws_di_wh,WDH,3782358,0,0,46,1
16ws_di_wh,WDH,2669952,0,0,36.5,2.3
16ws_di_wh,WDH,2813425,0,0,32.5,2.7
16ws_di_wh,WDH,2538534,0,0,30,3
16ws_di_wh,WDH,3449223,0,0,27.5,3.7
16ws_di_wh,WDH,2472020,0,0,26.5,3.7
16ws_di_wh,WDH,3865100,0,0,25,4
16ws_di_wh,WDH,3590353,0,0,24.5,4
16ws_di_wh,WDH,2937673,1,0,5,5
16ws_di_wh,WDH,3614173,1,0,4,5
16ws_di_wh,WDH,2547095,1,0,4,5
16ws_di_wh,WDH,3589297,1,0,3,5
16ws_di_wh,WDH,3236513,1,0,2,5
16ws_di_wh,WDH,3891733,1,0,0,NA
16ws_di_wh,WDH,2938009,1,0,-1,NA
16ws_di_wh,WDH,2430940,1,0,-1,NA
16ws_di_wh,WDH,3685487,1,0,-3,NA
16ws_di_wh,WDH,3635443,1,0,-3,NA
16ws_di_wh,WDH,2493045,1,0,-3,NA
16ws_di_wh,WDH,3267278,1,0,-5,NA
16ws_di_wh,WDH,3615316,1,0,-5,NA
16ws_dwh_wh,WDH,3891733,0,0,37.5,1
16ws_dwh_wh,WDH,3590353,0,0,20,4
16ws_dwh_wh,WDH,3865100,0,0,18,5
16ws_dwh_wh,WDH,2669952,0,0,17,5
16ws_idbs1,AK,3388808,0,0,39.5,1
16ws_idbs1,AK,3314611,0,0,38.5,1
16ws_idbs1,AK,3535585,0,0,38,1
16ws_idbs1,AK,3091456,0,0,37.5,1.3
16ws_idbs1,AK,3577854,0,0,36,1.3
16ws_idbs1,AK,2974186,0,0,35.5,1.7
16ws_idbs1,AK,3571598,0,0,35.5,1.7
16ws_idbs1,AK,2969842,0,0,34,1.7
16ws_idbs1,AK,3187066,0,0,34,1.7
16ws_idbs1,AK,2660628,0,0,33,2
16ws_idbs1,AK,3290013,0,0,31.5,2.3
16ws_idbs1,AK,2637085,0,0,31.5,2.3
16ws_idbs1,AK,3513182,0,0,31,2.3
16ws_idbs1,AK,2528097,0,0,30.5,2.3
16ws_idbs1,AK,3835187,0,0,29.5,2.7
16ws_idbs1,AK,3829731,0,0,29.5,2.7
16ws_idbs1,AK,3453414,0,0,28.5,2.7
16ws_idbs1,AK,3330552,0,0,27.5,3
16ws_idbs1,AK,3809816,0,0,27.5,3
16ws_idbs1,AK,2454758,0,0,26.5,3
16ws_idbs1,AK,3662045,0,0,26,3
16ws_idbs1,AK,2390465,0,0,25,3.3
16ws_idbs1,AK,2621600,0,0,24.5,3.3
16ws_idbs1,AK,3478878,0,0,23,3.7
16ws_idbs1,AK,3748078,0,0,22.5,3.7
16ws_idbs1,AK,2908677,0,0,22.5,3.7
16ws_idbs1,AK,2895523,0,0,22,3.7
16ws_idbs1,AK,3181640,0,0,22,3.7
16ws_idbs1,AK,3272791,0,0,20.5,4
16ws_idbs1,AK,2461286,0,0,19,5
16ws_idbs1,AK,2497651,0,0,18.5,5
16ws_idbs1,AK,3267278,0,0,18.5,5
16ws_idbs1,AK,2626405,0,0,17.5,5
16ws_idbs1,AK,3450035,0,0,17.5,5
16ws_idbs1,AK,3213238,0,0,17.5,5
16ws_idbs1,AK,3392138,0,0,17.5,5
16ws_idbs1,AK,3936117,0,0,17,5
16ws_idbs1,AK,3125925,0,0,17,5
16ws_idbs1,AK,2604659,0,0,15,5
16ws_idbs1,AK,2436209,0,0,14.5,5
16ws_idbs1,AK,3726028,0,0,13.5,5
16ws_idbs1,AK,2938009,0,0,11.5,5
16ws_idbs1,AK,3118365,0,0,11.5,5
16ws_idbs1,AK,3366961,0,0,9.5,5
16ws_idbs1,AK,2618598,1,0,4,5
16ws_idbs1,AK,3055690,0,0,3,5
16ws_idbs1,AK,3350783,0,0,3,5
16ws_idbs1,AK,2445967,1,0,3,5
16ws_idbs1,AK,2507430,1,0,3,5
16ws_idbs1,AK,3205615,0,0,2,5
16ws_idbs1,AK,3236513,0,0,0.5,5
16ws_idbs1,AK,3228470,0,0,0.5,5
16ws_idbs1,AK,2493045,1,0,0,NA
16ws_idbs1,AK,3038127,1,0,0,NA
16ws_idbs1,AK,2804376,1,0,-1,NA
16ws_idbs1,AK,3477044,1,0,-1,NA
16ws_idbs1,AK,2804619,1,0,-3,NA
16ws_idbs1,AK,2355955,1,0,-3,NA
16ws_idbs1,AK,2370608,1,0,-4,NA
16ws_idbs1,AK,3540143,1,0,-4,NA
16ws_idbs1,AK,2901139,1,0,-5,NA
17ss_cdm_wh,WDH,3540143,0,0,35,1
17ss_cdm_wh,WDH,2445967,0,0,33.5,1
17ss_cdm_wh,WDH,3055690,0,0,22,3.3
17ss_cdm_wh,WDH,2938009,1,0,5,5
17ss_cdm_wh,WDH,3392138,1,0,5,5
17ss_cdm_wh,WDH,3228470,1,0,1,5
17ss_cdm_wh,WDH,2507430,1,0,1,5
17ss_cdm_wh,WDH,2618598,1,0,1,5
17ss_cdm_wh,WDH,3038127,1,0,1,5
17ss_cdm_wh,WDH,2804619,1,0,0,NA
17ss_cdm_wh,WDH,2355955,1,0,0,NA
17ss_cdm_wh,WDH,2604659,1,0,-3,NA
17ss_cdm_wh,WDH,2370608,1,0,-3,NA
17ss_cdm_wh,WDH,2436209,1,0,-4,NA
17ss_cdm_wh,WDH,2493045,1,0,-5,NA
17ss_dbs1_wh,WDH,3127106,0,0,39.5,1
17ss_dbs1_wh,WDH,3182286,0,0,37.5,1.3
17ss_dbs1_wh,WDH,2868687,0,0,35.5,1.7
17ss_dbs1_wh,WDH,2831365,0,0,35,1.7
17ss_dbs1_wh,WDH,3658386,0,0,34,1.7
17ss_dbs1_wh,WDH,3531365,0,0,34,1.7
17ss_dbs1_wh,WDH,2832610,0,0,30,2.3
17ss_dbs1_wh,WDH,3690005,0,0,29,2.7
17ss_dbs1_wh,WDH,3879441,0,0,28.5,2.7
17ss_dbs1_wh,WDH,3403053,0,0,28,2.7
17ss_dbs1_wh,WDH,2408380,0,0,27.5,3
17ss_dbs1_wh,WDH,2480715,0,0,26,3
17ss_dbs1_wh,WDH,2446967,0,0,25.5,3.3
17ss_dbs1_wh,WDH,3450112,0,0,25.5,3.3
17ss_dbs1_wh,WDH,2443512,0,0,25.5,3.3
17ss_dbs1_wh,WDH,2603951,0,0,25,3.3
17ss_dbs1_wh,WDH,3359769,0,0,24.5,3.3
17ss_dbs1_wh,WDH,3150444,0,0,24,3.3
17ss_dbs1_wh,WDH,3795358,0,0,23,3.7
17ss_dbs1_wh,WDH,3419107,0,0,22,3.7
17ss_dbs1_wh,WDH,3850170,0,0,21.5,4
17ss_dbs1_wh,WDH,3478046,0,0,21.5,4
17ss_dbs1_wh,WDH,3747484,0,0,19.5,5
17ss_dbs1_wh,WDH,2393113,0,0,18.5,5
17ss_dbs1_wh,WDH,3498680,0,0,18.5,5
17ss_dbs1_wh,WDH,3348443,0,0,18,5
17ss_dbs1_wh,WDH,2945677,0,0,17.5,5
17ss_dbs1_wh,WDH,3776082,0,0,17.5,5
17ss_dbs1_wh,WDH,2783402,0,0,15.5,5
17ss_dbs1_wh,WDH,3437045,0,0,14.5,5
17ss_dbs1_wh,WDH,3533392,0,0,14,5
17ss_dbs1_wh,WDH,3775958,0,0,13.5,5
17ss_dbs1_wh,WDH,2753240,0,0,11.5,5
17ss_dbs1_wh,WDH,2496133,0,0,11.5,5
17ss_dbs1_wh,WDH,3753725,0,0,11.5,5
17ss_dbs1_wh,WDH,3325882,0,0,10.5,5
17ss_dbs1_wh,WDH,3713417,0,0,10,5
17ss_dbs1_wh,WDH,3614611,1,0,5,5
17ss_dbs1_wh,WDH,3792719,1,0,5,5
17ss_dbs1_wh,WDH,2783421,1,0,5,5
17ss_dbs1_wh,WDH,3616866,1,0,5,5
17ss_dbs1_wh,WDH,3170444,1,0,4,5
17ss_dbs1_wh,WDH,3424178,1,0,4,5
17ss_dbs1_wh,WDH,2933261,1,0,4,5
17ss_dbs1_wh,WDH,2572295,1,0,3,5
17ss_dbs1_wh,WDH,2459357,1,0,3,5
17ss_dbs1_wh,WDH,3724448,1,0,3,5
17ss_dbs1_wh,WDH,3887956,1,0,2,5
17ss_dbs1_wh,WDH,3841358,1,0,1,5
17ss_dbs1_wh,WDH,3358535,1,0,1,5
17ss_dbs1_wh,WDH,3499693,1,0,1,5
17ss_dbs1_wh,WDH,2977409,1,0,1,5
17ss_dbs1_wh,WDH,2623934,1,0,0,NA
17ss_dbs1_wh,WDH,3173030,1,0,0,NA
17ss_dbs1_wh,WDH,3752996,1,0,-1,NA
17ss_dbs1_wh,WDH,3160112,1,0,-1,NA
17ss_dbs1_wh,WDH,3872457,1,0,-1,NA
17ss_dbs1_wh,WDH,2668698,1,0,-2,NA
17ss_dbs1_wh,WDH,2555866,1,0,-3,NA
17ss_dbs1_wh,WDH,2426534,1,0,-3,NA
17ss_dbs1_wh,WDH,2683788,1,0,-4,NA
17ss_dbs1_wh,WDH,2469579,1,0,-4,NA
17ss_dbs1_wh,WDH,3082829,1,0,-5,NA
17ss_dbs2,AK,2606022,0,0,44.5,1
17ss_dbs2,AK,3195563,0,0,41,1.3
17ss_dbs2,AK,2419134,0,0,41,1.3
17ss_dbs2,AK,3694017,0,0,40.5,1.3
17ss_dbs2,AK,3585883,0,0,39.5,1.7
17ss_dbs2,AK,2828608,0,0,39,1.7
17ss_dbs2,AK,3314611,0,0,39,1.7
17ss_dbs2,AK,2817638,0,0,39,1.7
17ss_dbs2,AK,2636152,0,0,38.5,1.7
17ss_dbs2,AK,2618125,0,0,37.5,2
17ss_dbs2,AK,2604150,0,0,36,2
17ss_dbs2,AK,3747934,0,0,36,2
17ss_dbs2,AK,3680716,0,0,36,2
17ss_dbs2,AK,2796538,0,0,35.5,2.3
17ss_dbs2,AK,3227895,0,0,35.5,2.3
17ss_dbs2,AK,3814934,0,0,35.5,2.3
17ss_dbs2,AK,2804619,0,0,35,2.3
17ss_dbs2,AK,2867038,0,0,34.5,2.3
17ss_dbs2,AK,2822033,0,0,34,2.3
17ss_dbs2,AK,2544297,0,0,34,2.3
17ss_dbs2,AK,2360054,0,0,33.5,2.3
17ss_dbs2,AK,2766950,0,0,33,2.7
17ss_dbs2,AK,3867021,0,0,33,2.7
17ss_dbs2,AK,3802238,0,0,32.5,2.7
17ss_dbs2,AK,2994137,0,0,32.5,2.7
17ss_dbs2,AK,3731705,0,0,31.5,2.7
17ss_dbs2,AK,3789692,0,0,31,3
17ss_dbs2,AK,2420966,0,0,31,3
17ss_dbs2,AK,2886393,0,0,30.5,3
17ss_dbs2,AK,3624712,0,0,30.5,3
17ss_dbs2,AK,2816674,0,0,30.5,3
17ss_dbs2,AK,3787501,0,0,30,3
17ss_dbs2,AK,3477044,0,0,30,3
17ss_dbs2,AK,3217844,0,0,30,3
17ss_dbs2,AK,2603951,0,0,30,3
17ss_dbs2,AK,2558967,0,0,29.5,3
17ss_dbs2,AK,3099551,0,0,29.5,3
17ss_dbs2,AK,2969842,0,0,29.5,3
17ss_dbs2,AK,3304115,0,0,29,3
17ss_dbs2,AK,3662045,0,0,29,3
17ss_dbs2,AK,3675317,0,0,28.5,3.3
17ss_dbs2,AK,3613475,0,0,28.5,3.3
17ss_dbs2,AK,3604547,0,0,28.5,3.3
17ss_dbs2,AK,2542549,0,0,28,3.3
17ss_dbs2,AK,2824223,0,0,28,3.3
17ss_dbs2,AK,3592683,0,0,27.5,3.3
17ss_dbs2,AK,2622759,0,0,27.5,3.3
17ss_dbs2,AK,3155140,0,0,27.5,3.3
17ss_dbs2,AK,3165980,0,0,27.5,3.3
17ss_dbs2,AK,2394070,0,0,27,3.3
17ss_dbs2,AK,2623934,0,0,27,3.3
17ss_dbs2,AK,2507430,0,0,26.5,3.7
17ss_dbs2,AK,3232792,0,0,26,3.7
17ss_dbs2,AK,3161504,0,0,25.5,3.7
17ss_dbs2,AK,3204181,0,0,25.5,3.7
17ss_dbs2,AK,2951157,0,0,25,3.7
17ss_dbs2,AK,3739211,0,0,25,3.7
17ss_dbs2,AK,3696488,0,0,25,3.7
17ss_dbs2,AK,3839605,0,0,25,3.7
17ss_dbs2,AK,3738734,0,0,24.5,3.7
17ss_dbs2,AK,2980854,0,0,24.5,3.7
17ss_dbs2,AK,2638797,0,0,24,4
17ss_dbs2,AK,2704440,0,0,24,4
17ss_dbs2,AK,3352244,0,0,24,4
17ss_dbs2,AK,2993779,0,0,24,4
17ss_dbs2,AK,2572267,0,0,23.5,4
17ss_dbs2,AK,3120281,0,0,23,4
17ss_dbs2,AK,3810464,0,0,23,4
17ss_dbs2,AK,3333729,0,0,22.5,4
17ss_dbs2,AK,3043109,0,0,22.5,4
17ss_dbs2,AK,2595205,0,0,22.5,4
17ss_dbs2,AK,3690005,0,0,22.5,4
17ss_dbs2,AK,3747066,0,0,22.5,4
17ss_dbs2,AK,3639284,0,0,22.5,4
17ss_dbs2,AK,3039995,0,0,22.5,4
17ss_dbs2,AK,2943676,0,0,22,5
17ss_dbs2,AK,3027376,0,0,21.5,5
17ss_dbs2,AK,3492190,0,0,21.5,5
17ss_dbs2,AK,3423919,0,0,21.5,5
17ss_dbs2,AK,2393113,0,0,21,5
17ss_dbs2,AK,3288932,0,0,21,5
17ss_dbs2,AK,3865186,0,0,20.5,5
17ss_dbs2,AK,3454313,0,0,20.5,5
17ss_dbs2,AK,3563269,0,0,20,5
17ss_dbs2,AK,3694297,0,0,20,5
17ss_dbs2,AK,3797131,0,0,19.5,5
17ss_dbs2,AK,2604659,0,0,19,5
17ss_dbs2,AK,2390585,0,0,18.5,5
17ss_dbs2,AK,2480715,0,0,18.5,5
17ss_dbs2,AK,3533392,0,0,18,5
17ss_dbs2,AK,2890948,0,0,18,5
17ss_dbs2,AK,3479178,0,0,18,5
17ss_dbs2,AK,2988447,0,0,17.5,5
17ss_dbs2,AK,2753240,0,0,17,5
17ss_dbs2,AK,3803153,0,0,17,5
17ss_dbs2,AK,2357215,0,0,15,5
17ss_dbs2,AK,2568269,0,0,15,5
17ss_dbs2,AK,2897655,0,0,15,5
17ss_dbs2,AK,3477418,0,0,14.5,5
17ss_dbs2,AK,3358535,0,0,14,5
17ss_dbs2,AK,2783402,0,0,13.5,5
17ss_dbs2,AK,3386891,0,0,13.5,5
17ss_dbs2,AK,3700949,0,0,13.5,5
17ss_dbs2,AK,2469579,0,0,12,5
17ss_dbs2,AK,3182286,1,0,10,5
17ss_dbs2,AK,3498680,0,0,9,5
17ss_dbs2,AK,3689810,0,0,7,5
17ss_dbs2,AK,3155009,0,0,6,5
17ss_dbs2,AK,3070251,1,0,5,5
17ss_dbs2,AK,2972377,1,0,5,5
17ss_dbs2,AK,2956688,1,0,5,5
17ss_dbs2,AK,3082695,1,0,5,5
17ss_dbs2,AK,2443512,0,0,4.5,5
17ss_dbs2,AK,2868687,1,0,2,5
17ss_dbs2,AK,2457485,0,0,1.5,5
17ss_dbs2,AK,3408971,1,0,1,5
17ss_dbs2,AK,2843193,1,0,0,NA
17ss_dbs2,AK,3927315,1,0,0,NA
17ss_dbs2,AK,3359769,1,0,0,NA
17ss_dbs2,AK,3033538,1,0,-1,NA
17ss_dbs2,AK,2882340,1,0,-1,NA
17ss_dbs2,AK,2346317,1,0,-2,NA
17ss_dbs2,AK,2442371,1,0,-2,NA
17ss_dbs2,AK,2427498,1,0,-2,NA
17ss_dbs2,AK,3424178,1,0,-2,NA
17ss_dbs2,AK,2801291,1,0,-5,NA
17ss_dbs2,AK,2933261,1,0,-5,NA
17ss_idbs1_wh,WDH,3205615,0,0,36.5,1
17ss_idbs1_wh,WDH,3350783,0,0,31,2
17ss_idbs1_wh,WDH,3236513,0,0,30.5,2
17ss_idbs1_wh,WDH,3125925,0,0,25,3
17ss_idbs1_wh,WDH,3635443,0,0,24.5,3
17ss_idbs1_wh,WDH,3477044,0,0,21.5,3.7
17ss_idbs1_wh,WDH,3540143,0,0,16.5,5
17ss_idbs1_wh,WDH,2804376,0,0,14.5,5
17ss_idbs1_wh,WDH,3055690,0,0,12,5
17ss_idbs1_wh,WDH,2901139,1,0,4,5
17ss_idbs1_wh,WDH,3118365,1,0,3,5
17ss_idbs1_wh,WDH,2370608,1,0,2,5
17ss_idbs1_wh,WDH,3038127,1,0,2,5
17ss_idbs1_wh,WDH,3228470,1,0,1,5
17ss_idbs1_wh,WDH,2445967,1,0,0,NA
17ss_idbs1_wh,WDH,2507430,1,0,0,NA
17ss_idbs1_wh,WDH,2436209,1,0,0,NA
17ss_idbs1_wh,WDH,2618598,1,0,0,NA
17ss_idbs1_wh,WDH,2604659,1,0,-1,NA
17ss_idbs1_wh,WDH,2804619,1,0,-1,NA
17ss_idbs1_wh,WDH,3366961,1,0,-2,NA
17ss_idbs1_wh,WDH,3726028,1,0,-2,NA
17ss_idbs1_wh,WDH,2355955,1,0,-4,NA
17ss_idbs1_wh,WDH,2938009,1,0,-4,NA
17ss_idbs1_wh,WDH,2493045,1,0,-5,NA
17ss_idbs2,AK,3314611,0,0,43.5,1
17ss_idbs2,AK,2660628,0,0,35.5,2
17ss_idbs2,AK,3350783,0,0,33,2.3
17ss_idbs2,AK,3912127,0,0,32,2.7
17ss_idbs2,AK,3231751,0,0,29.5,3
17ss_idbs2,AK,3894627,0,0,29.5,3
17ss_idbs2,AK,2804619,0,0,29.5,3
17ss_idbs2,AK,3092899,0,0,28.5,3
17ss_idbs2,AK,3726028,0,0,26,3.7
17ss_idbs2,AK,2390465,0,0,24.5,3.7
17ss_idbs2,AK,2749752,0,0,24,3.7
17ss_idbs2,AK,2908677,0,0,23.5,4
17ss_idbs2,AK,2804376,0,0,23.5,4
17ss_idbs2,AK,3370698,0,0,23,4
17ss_idbs2,AK,3450035,0,0,22.5,4
17ss_idbs2,AK,3635443,0,0,20.5,5
17ss_idbs2,AK,2627020,0,0,19.5,5
17ss_idbs2,AK,2964297,0,0,16,5
17ss_idbs2,AK,2454758,0,0,15,5
17ss_idbs2,AK,2372739,0,0,14.5,5
17ss_idbs2,AK,3124707,0,0,8.5,5
17ss_idbs2,AK,2831427,0,0,8,5
17ss_idbs2,AK,2873039,0,0,6,5
17ss_idbs2,AK,3153305,0,0,5,5
17ss_idbs2,AK,3343709,1,0,5,5
17ss_idbs2,AK,2538534,1,0,5,5
17ss_idbs2,AK,3117865,0,0,4.5,5
17ss_idbs2,AK,2370608,1,0,4,5
17ss_idbs2,AK,3460021,1,0,4,5
17ss_idbs2,AK,2751871,1,0,3,5
17ss_idbs2,AK,3471945,1,0,3,5
17ss_idbs2,AK,3662657,1,0,2,5
17ss_idbs2,AK,3936085,1,0,2,5
17ss_idbs2,AK,3684147,1,0,2,5
17ss_idbs2,AK,2386845,1,0,-1,NA
17ss_idbs2,AK,3218519,1,0,-3,NA
17ss_idbs2,AK,3022264,1,0,-3,NA
17ss_idbs2,AK,3680113,1,0,-3,NA
17ss_idbs2,AK,3392138,1,0,-3,NA
17ss_idbs2,AK,2842724,1,0,-4,NA
17ss_idbs2,AK,3130430,1,0,-4,NA
17ss_idbs2,AK,3477044,1,0,-5,NA
17ss_nosql,AK,3314611,0,0,42,1
17ss_nosql,AK,2660628,0,0,41.5,1
17ss_nosql,AK,3891733,0,0,40.5,1
17ss_nosql,AK,3218519,0,0,39.5,1.3
17ss_nosql,AK,3912127,0,0,39,1.3
17ss_nosql,AK,3350783,0,0,38.5,1.3
17ss_nosql,AK,3370698,0,0,38.5,1.3
17ss_nosql,AK,3353318,0,0,38,1.3
17ss_nosql,AK,3635443,0,0,38,1.3
17ss_nosql,AK,3092899,0,0,36.5,1.7
17ss_nosql,AK,3477044,0,0,35,2
17ss_nosql,AK,3231751,0,0,34,2
17ss_nosql,AK,3450035,0,0,33,2.3
17ss_nosql,AK,2454758,0,0,33,2.3
17ss_nosql,AK,3894627,0,0,32.5,2.3
17ss_nosql,AK,2964297,0,0,32.5,2.3
17ss_nosql,AK,3726028,0,0,31.5,2.7
17ss_nosql,AK,2908677,0,0,31.5,2.7
17ss_nosql,AK,2804376,0,0,31,2.7
17ss_nosql,AK,2804619,0,0,30,2.7
17ss_nosql,AK,2390465,0,0,28,3
17ss_nosql,AK,2538534,0,0,27,3.3
17ss_nosql,AK,3662657,0,0,20.5,5
17ss_nosql,AK,2749752,0,0,19.5,5
17ss_nosql,AK,2372739,0,0,17.5,5
17ss_nosql,AK,3153305,0,0,12,5
17ss_nosql,AK,2627020,0,0,11.5,5
17ss_nosql,AK,3124707,0,0,6.5,5
17ss_nosql,AK,3936085,1,0,5,5
17ss_nosql,AK,3392138,1,0,5,5
17ss_nosql,AK,2831427,1,0,4,5
17ss_nosql,AK,3117865,0,0,2.5,5
17ss_nosql,AK,2873039,0,0,2,5
17ss_nosql,AK,3684147,1,0,2,5
17ss_nosql,AK,3471945,1,0,2,5
17ss_nosql,AK,2751871,0,0,1,5
17ss_nosql,AK,3022264,1,0,1,5
17ss_nosql,AK,3460021,1,1,0,NA
17ss_nosql,AK,2386845,1,0,0,NA
17ss_nosql,AK,3343709,1,1,-4,NA
17ss_nosql,AK,2370608,1,0,-5,NA
17ss_nosql,AK,3130430,1,0,-5,NA
17ws_cdm,AK,3137802,0,0,43,1
17ws_cdm,AK,3742059,0,0,42,1
17ws_cdm,AK,2561022,0,0,38.5,1.7
17ws_cdm,AK,3304557,0,0,37.5,1.7
17ws_cdm,AK,2606022,0,0,37,1.7
17ws_cdm,AK,2824223,0,0,37,1.7
17ws_cdm,AK,2820783,0,0,36,2
17ws_cdm,AK,2628926,0,0,36,2
17ws_cdm,AK,3408777,0,0,33,2.3
17ws_cdm,AK,2522516,0,0,32.5,2.3
17ws_cdm,AK,2796538,0,0,32,2.7
17ws_cdm,AK,2723339,0,0,31.5,2.7
17ws_cdm,AK,3524253,0,0,30,3
17ws_cdm,AK,2424900,0,0,30,3
17ws_cdm,AK,2855748,0,0,29.5,3
17ws_cdm,AK,2542549,0,0,29.5,3
17ws_cdm,AK,3846100,0,0,29.5,3
17ws_cdm,AK,2822033,0,0,29,3
17ws_cdm,AK,2978104,0,0,28.5,3
17ws_cdm,AK,3385247,0,0,28.5,3
17ws_cdm,AK,3092899,0,0,28,3
17ws_cdm,AK,3100822,0,0,27.5,3.3
17ws_cdm,AK,3029075,0,0,27,3.3
17ws_cdm,AK,3095218,0,0,26.5,3.3
17ws_cdm,AK,3419107,0,0,26,3.3
17ws_cdm,AK,3062426,0,0,24.5,3.7
17ws_cdm,AK,3401010,0,0,24,3.7
17ws_cdm,AK,3292800,0,0,22,4
17ws_cdm,AK,2385615,0,0,22,4
17ws_cdm,AK,2990589,0,0,19.5,5
17ws_cdm,AK,3015658,0,0,18,5
17ws_cdm,AK,3710449,0,0,17.5,5
17ws_cdm,AK,2749752,0,0,15.5,5
17ws_cdm,AK,3153305,0,0,14,5
17ws_cdm,AK,3641537,0,0,12.5,5
17ws_cdm,AK,3545630,0,0,12,5
17ws_cdm,AK,3087188,0,0,12,5
17ws_cdm,AK,2668150,0,0,-3,NA
17ws_dbs1,AK,3428515,0,0,51,1
17ws_dbs1,AK,3432225,0,0,50.5,1
17ws_dbs1,AK,3022556,0,0,46.5,1.3
17ws_dbs1,AK,3360912,0,0,46,1.3
17ws_dbs1,AK,2831881,0,0,45,1.7
17ws_dbs1,AK,2811434,0,0,44.5,1.7
17ws_dbs1,AK,3186973,0,0,44.5,1.7
17ws_dbs1,AK,2376791,0,0,44,1.7
17ws_dbs1,AK,3594139,0,0,43.5,1.7
17ws_dbs1,AK,3579532,0,0,43.5,1.7
17ws_dbs1,AK,2437850,0,0,43,2
17ws_dbs1,AK,3531117,0,0,43,2
17ws_dbs1,AK,3741473,0,0,42.5,2
17ws_dbs1,AK,3269168,0,0,41.5,2
17ws_dbs1,AK,2968607,0,0,41,2
17ws_dbs1,AK,3918872,0,0,41,2
17ws_dbs1,AK,2440086,0,0,41,2
17ws_dbs1,AK,3171551,0,0,40,2.3
17ws_dbs1,AK,2853202,0,0,39,2.3
17ws_dbs1,AK,3384590,0,0,39,2.3
17ws_dbs1,AK,3454563,0,0,38.5,2.3
17ws_dbs1,AK,3508139,0,0,38.5,2.3
17ws_dbs1,AK,3847942,0,0,38.5,2.3
17ws_dbs1,AK,2447709,0,0,38,2.7
17ws_dbs1,AK,3455621,0,0,38,2.7
17ws_dbs1,AK,3510110,0,0,38,2.7
17ws_dbs1,AK,2990589,0,0,38,2.7
17ws_dbs1,AK,3342771,0,0,37.5,2.7
17ws_dbs1,AK,2688792,0,0,37,2.7
17ws_dbs1,AK,3014873,0,0,37,2.7
17ws_dbs1,AK,2804623,0,0,37,2.7
17ws_dbs1,AK,2477102,0,0,36.5,2.7
17ws_dbs1,AK,3304557,0,0,36.5,2.7
17ws_dbs1,AK,3648162,0,0,36,2.7
17ws_dbs1,AK,3081568,0,0,36,2.7
17ws_dbs1,AK,3692137,0,0,35.5,3
17ws_dbs1,AK,2762308,0,0,35.5,3
17ws_dbs1,AK,3295251,0,0,35.5,3
17ws_dbs1,AK,3751218,0,0,35.5,3
17ws_dbs1,AK,2948691,0,0,35,3
17ws_dbs1,AK,3610034,0,0,35,3
17ws_dbs1,AK,3874487,0,0,34.5,3
17ws_dbs1,AK,2922716,0,0,34.5,3
17ws_dbs1,AK,2857005,0,0,34.5,3
17ws_dbs1,AK,3399855,0,0,34,3
17ws_dbs1,AK,2368411,0,0,34,3
17ws_dbs1,AK,2388695,0,0,34,3
17ws_dbs1,AK,2518567,0,0,34,3
17ws_dbs1,AK,3560306,0,0,33.5,3
17ws_dbs1,AK,3450458,0,0,33.5,3
17ws_dbs1,AK,3079803,0,0,33.5,3
17ws_dbs1,AK,3218234,0,0,33,3.3
17ws_dbs1,AK,3774109,0,0,33,3.3
17ws_dbs1,AK,2626805,0,0,33,3.3
17ws_dbs1,AK,2904689,0,0,33,3.3
17ws_dbs1,AK,2572911,0,0,33,3.3
17ws_dbs1,AK,2766131,0,0,32.5,3.3
17ws_dbs1,AK,2735321,0,0,32.5,3.3
17ws_dbs1,AK,3100069,0,0,32.5,3.3
17ws_dbs1,AK,3640678,0,0,32.5,3.3
17ws_dbs1,AK,3499693,0,0,32,3.3
17ws_dbs1,AK,2988676,0,0,32,3.3
17ws_dbs1,AK,2395873,0,0,31.5,3.3
17ws_dbs1,AK,3842886,0,0,31.5,3.3
17ws_dbs1,AK,2753240,0,0,31,3.3
17ws_dbs1,AK,3382308,0,0,31,3.3
17ws_dbs1,AK,2453337,0,0,30.5,3.7
17ws_dbs1,AK,3527438,0,0,30,3.7
17ws_dbs1,AK,3146495,0,0,29.5,3.7
17ws_dbs1,AK,3092068,0,0,29.5,3.7
17ws_dbs1,AK,2424056,0,0,29.5,3.7
17ws_dbs1,AK,2908242,0,0,29.5,3.7
17ws_dbs1,AK,3068970,0,0,29.5,3.7
17ws_dbs1,AK,3684736,0,0,29.5,3.7
17ws_dbs1,AK,3189626,0,0,29,3.7
17ws_dbs1,AK,3415258,0,0,29,3.7
17ws_dbs1,AK,2956490,0,0,29,3.7
17ws_dbs1,AK,2478222,0,0,29,3.7
17ws_dbs1,AK,3874177,0,0,29,3.7
17ws_dbs1,AK,2751210,0,0,28.5,3.7
17ws_dbs1,AK,3904934,0,0,28.5,3.7
17ws_dbs1,AK,2900608,0,0,28,4
17ws_dbs1,AK,3877225,0,0,28,4
17ws_dbs1,AK,2668698,0,0,27.5,4
17ws_dbs1,AK,2571323,0,0,27.5,4
17ws_dbs1,AK,2437173,0,0,27.5,4
17ws_dbs1,AK,2901304,0,0,27.5,4
17ws_dbs1,AK,2466539,0,0,27.5,4
17ws_dbs1,AK,2988470,0,0,27,4
17ws_dbs1,AK,2646826,0,0,27,4
17ws_dbs1,AK,2378843,0,0,26,4
17ws_dbs1,AK,2864342,0,0,26,4
17ws_dbs1,AK,2392807,0,0,26,4
17ws_dbs1,AK,3130683,0,0,26,4
17ws_dbs1,AK,3038701,0,0,26,4
17ws_dbs1,AK,2432350,0,0,25.5,5
17ws_dbs1,AK,2816493,0,0,25.5,5
17ws_dbs1,AK,3304483,0,0,25.5,5
17ws_dbs1,AK,2783402,0,0,25.5,5
17ws_dbs1,AK,2372802,0,0,24.5,5
17ws_dbs1,AK,3555811,0,0,24.5,5
17ws_dbs1,AK,3239718,0,0,24.5,5
17ws_dbs1,AK,3812402,0,0,24.5,5
17ws_dbs1,AK,3533392,0,0,24.5,5
17ws_dbs1,AK,2889956,0,0,24.5,5
17ws_dbs1,AK,2486230,0,0,24,5
17ws_dbs1,AK,3802617,0,0,24,5
17ws_dbs1,AK,3752996,0,0,24,5
17ws_dbs1,AK,3039433,0,0,24,5
17ws_dbs1,AK,2882327,0,0,23.5,5
17ws_dbs1,AK,2469579,0,0,23.5,5
17ws_dbs1,AK,2623934,0,0,23.5,5
17ws_dbs1,AK,2551907,0,0,23,5
17ws_dbs1,AK,3576206,0,0,22.5,5
17ws_dbs1,AK,2994475,0,0,22.5,5
17ws_dbs1,AK,2997521,0,0,22.5,5
17ws_dbs1,AK,2704961,0,0,22.5,5
17ws_dbs1,AK,3178618,0,0,22.5,5
17ws_dbs1,AK,2698522,0,0,22.5,5
17ws_dbs1,AK,2839298,0,0,21.5,5
17ws_dbs1,AK,2909555,0,0,21.5,5
17ws_dbs1,AK,3631078,0,0,21.5,5
17ws_dbs1,AK,3307751,0,0,21.5,5
17ws_dbs1,AK,3108187,0,0,21.5,5
17ws_dbs1,AK,3246436,0,0,21.5,5
17ws_dbs1,AK,2386845,0,0,21,5
17ws_dbs1,AK,3365595,0,0,21,5
17ws_dbs1,AK,3803740,0,0,21,5
17ws_dbs1,AK,2965369,0,0,20.5,5
17ws_dbs1,AK,3165980,0,0,20.5,5
17ws_dbs1,AK,3365018,0,0,20.5,5
17ws_dbs1,AK,3226567,0,0,20.5,5
17ws_dbs1,AK,3200789,0,0,20,5
17ws_dbs1,AK,3689986,0,0,20,5
17ws_dbs1,AK,3616866,0,0,20,5
17ws_dbs1,AK,3407404,0,0,20,5
17ws_dbs1,AK,3086102,0,0,19,5
17ws_dbs1,AK,3586311,0,0,19,5
17ws_dbs1,AK,2552169,0,0,18.5,5
17ws_dbs1,AK,2361890,0,0,18.5,5
17ws_dbs1,AK,2416892,0,0,18,5
17ws_dbs1,AK,2560966,0,0,18,5
17ws_dbs1,AK,2388677,0,0,18,5
17ws_dbs1,AK,2415195,0,0,17.5,5
17ws_dbs1,AK,3021152,0,0,17.5,5
17ws_dbs1,AK,3445008,0,0,17,5
17ws_dbs1,AK,3775958,0,0,16.5,5
17ws_dbs1,AK,3913083,0,0,16.5,5
17ws_dbs1,AK,2991691,0,0,16.5,5
17ws_dbs1,AK,2833647,0,0,16,5
17ws_dbs1,AK,2977409,0,0,15.5,5
17ws_dbs1,AK,3437045,0,0,15,5
17ws_dbs1,AK,3854496,0,0,14.5,5
17ws_dbs1,AK,3809742,0,0,14.5,5
17ws_dbs1,AK,2918632,0,0,14,5
17ws_dbs1,AK,3073325,0,0,13.5,5
17ws_dbs1,AK,3678362,0,0,13.5,5
17ws_dbs1,AK,2514733,0,0,12.5,5
17ws_dbs1,AK,2359179,0,0,12.5,5
17ws_dbs1,AK,3358535,0,0,12.5,5
17ws_dbs1,AK,2859106,0,0,11.5,5
17ws_dbs1,AK,2949013,0,0,11.5,5
17ws_dbs1,AK,3097520,0,0,11,5
17ws_dbs1,AK,3887956,0,0,10,5
17ws_dbs1,AK,3923073,0,0,10,5
17ws_dbs1,AK,3705415,0,0,9,5
17ws_dbs1,AK,3850850,0,0,7.5,5
17ws_dbs1,AK,3179301,0,0,5.5,5
17ws_dbs1,AK,2534781,0,0,3.5,5
17ws_dbs1,AK,2351668,0,0,3.5,5
17ws_dbs2_wh,WDH,2868687,0,0,43.5,1
17ws_dbs2_wh,WDH,3182286,0,0,42,1
17ws_dbs2_wh,WDH,3454313,0,0,38.5,1.7
17ws_dbs2_wh,WDH,2972377,0,0,38,1.7
17ws_dbs2_wh,WDH,2843193,0,0,37.5,1.7
17ws_dbs2_wh,WDH,3803153,0,0,36,2
17ws_dbs2_wh,WDH,3359769,0,0,28.5,3
17ws_dbs2_wh,WDH,3700949,0,0,22.5,4
17ws_dbs2_wh,WDH,3039995,0,0,22,4
17ws_dbs2_wh,WDH,2346317,0,0,22,4
17ws_dbs2_wh,WDH,3155009,0,0,22,4
17ws_dbs2_wh,WDH,3358535,0,0,21.5,5
17ws_dbs2_wh,WDH,3070251,0,0,19.5,5
17ws_dbs2_wh,WDH,2956688,0,0,16.5,5
17ws_dbs2_wh,WDH,3424178,0,0,16.5,5
17ws_dbs2_wh,WDH,2357215,0,0,16,5
17ws_dbs2_wh,WDH,2753240,0,0,14.5,5
17ws_dbs2_wh,WDH,2783402,0,0,12.5,5
17ws_dbs2_wh,WDH,2882340,0,0,12,5
17ws_dbs2_wh,WDH,3386891,0,0,11,5
17ws_dbs2_wh,WDH,2443512,0,0,10.5,5
17ws_dbs2_wh,WDH,3033538,0,0,7,5
17ws_idbs2_wh,WDH,2538534,0,0,6,1
17ws_idbs2_wh,WDH,3218519,0,0,4,3
17ws_idbs2_wh,WDH,2873039,0,0,3,5
17ws_idbs2_wh,WDH,3353318,0,0,3,5
17ws_idbs2_wh,WDH,3153305,0,0,3,5
17ws_idbs2_wh,WDH,3936085,0,0,2,5
17ws_idbs2_wh,WDH,3343709,0,0,1,5
17ws_idbs2_wh,WDH,3477044,0,0,0,NA
17ws_idbs2_wh,WDH,2454758,0,0,0,NA
17ws_mrdbs,AK,3314611,0,0,47,1
17ws_mrdbs,AK,2606022,0,0,46.5,1
17ws_mrdbs,AK,3742059,0,0,45,1
17ws_mrdbs,AK,2822033,0,0,44.5,1.3
17ws_mrdbs,AK,3092899,0,0,44.5,1.3
17ws_mrdbs,AK,2424900,0,0,43.5,1.3
17ws_mrdbs,AK,2723339,0,0,40.5,1.7
17ws_mrdbs,AK,2796538,0,0,39.5,2
17ws_mrdbs,AK,3137802,0,0,37.5,2.3
17ws_mrdbs,AK,2969842,0,0,36,2.3
17ws_mrdbs,AK,3029075,0,0,35.5,2.3
17ws_mrdbs,AK,2561022,0,0,34.5,2.7
17ws_mrdbs,AK,2978104,0,0,34,2.7
17ws_mrdbs,AK,2824223,0,0,34,2.7
17ws_mrdbs,AK,2855748,0,0,34,2.7
17ws_mrdbs,AK,3922865,0,0,31,3
17ws_mrdbs,AK,3408777,0,0,30.5,3.3
17ws_mrdbs,AK,2895523,0,0,29.5,3.3
17ws_mrdbs,AK,2542549,0,0,29.5,3.3
17ws_mrdbs,AK,2522516,0,0,27.5,3.7
17ws_mrdbs,AK,3524253,0,0,27.5,3.7
17ws_mrdbs,AK,2626382,0,0,26.5,3.7
17ws_mrdbs,AK,3635443,0,0,25.5,4
17ws_mrdbs,AK,2820783,0,0,24.5,4
17ws_mrdbs,AK,2628926,0,0,24.5,4
17ws_mrdbs,AK,3304557,0,0,24.5,4
17ws_mrdbs,AK,2385615,0,0,23.5,5
17ws_mrdbs,AK,3401010,0,0,22,5
17ws_mrdbs,AK,3062426,0,0,18.5,5
17ws_mrdbs,AK,3710449,0,0,18,5
17ws_mrdbs,AK,3846100,0,0,18,5
17ws_mrdbs,AK,3545630,0,0,15.5,5
17ws_mrdbs,AK,2618598,0,0,14,5
17ws_mrdbs,AK,2668150,0,0,13,5
17ws_mrdbs,AK,3419107,0,0,12,5
17ws_mrdbs,AK,2749752,0,0,11.5,5
17ws_mrdbs,AK,3087188,0,0,11,5
17ws_mrdbs,AK,3095218,0,0,10.5,5
17ws_mrdbs,AK,3015658,0,0,8.5,5
17ws_mrdbs,AK,3641537,0,0,7,5
17ws_mrdbs,AK,3153305,0,0,5.5,5
17ws_mrdbs,AK,2990589,0,0,4,5
17ws_mrdbs,AK,3100822,0,0,3.5,5
17ws_nosql_wh,WDH,3936085,0,0,28.5,1
17ws_nosql_wh,WDH,3153305,0,0,20.5,2.7
17ws_nosql_wh,WDH,2873039,0,0,17.5,3.3
18ss_cdm_wh,WDH,3922865,0,0,38,1
18ss_cdm_wh,WDH,3153305,0,0,30,2.3
18ss_cdm_wh,WDH,3710449,0,0,23,3.3
18ss_cdm_wh,WDH,3641537,0,0,22.5,3.7
18ss_cdm_wh,WDH,2749752,0,0,22,3.7
18ss_cdm_wh,WDH,3080021,0,0,4.5,5
18ss_dbs1_wh,WDH,2351668,0,0,43,1
18ss_dbs1_wh,WDH,2966322,0,0,39,1.3
18ss_dbs1_wh,WDH,2367332,0,0,38,1.7
18ss_dbs1_wh,WDH,3913083,0,0,37.5,1.7
18ss_dbs1_wh,WDH,3707493,0,0,36,2
18ss_dbs1_wh,WDH,3868061,0,0,35.5,2
18ss_dbs1_wh,WDH,2361890,0,0,30.5,2.7
18ss_dbs1_wh,WDH,2459357,0,0,30.5,2.7
18ss_dbs1_wh,WDH,2542523,0,0,29.5,3
18ss_dbs1_wh,WDH,2833647,0,0,28.5,3
18ss_dbs1_wh,WDH,2949013,0,0,28,3
18ss_dbs1_wh,WDH,3872457,0,0,28,3
18ss_dbs1_wh,WDH,3438844,0,0,28,3
18ss_dbs1_wh,WDH,2388677,0,0,28,3
18ss_dbs1_wh,WDH,2426534,0,0,27.5,3.3
18ss_dbs1_wh,WDH,3809742,0,0,27,3.3
18ss_dbs1_wh,WDH,3840457,0,0,26,3.3
18ss_dbs1_wh,WDH,3021152,0,0,24.5,3.7
18ss_dbs1_wh,WDH,2359179,0,0,24,3.7
18ss_dbs1_wh,WDH,3586311,0,0,22.5,4
18ss_dbs1_wh,WDH,2695921,0,0,22.5,4
18ss_dbs1_wh,WDH,3775260,0,0,20,5
18ss_dbs1_wh,WDH,3086102,0,0,20,5
18ss_dbs1_wh,WDH,2873825,0,0,19.5,5
18ss_dbs1_wh,WDH,2977409,0,0,18,5
18ss_dbs1_wh,WDH,2783421,0,0,18,5
18ss_dbs1_wh,WDH,3792719,0,0,15.5,5
18ss_dbs1_wh,WDH,2733693,0,0,15.5,5
18ss_dbs1_wh,WDH,3097520,0,0,15,5
18ss_dbs1_wh,WDH,3471063,0,0,15,5
18ss_dbs1_wh,WDH,3179301,0,0,12,5
18ss_dbs1_wh,WDH,3073325,0,0,12,5
18ss_dbs1_wh,WDH,3358535,0,0,10.5,5
18ss_dbs1_wh,WDH,3160112,0,0,5,5
18ss_dbs2,AK,3454563,0,0,45,1
18ss_dbs2,AK,2766131,0,0,42,1.3
18ss_dbs2,AK,3022556,0,0,40.5,1.7
18ss_dbs2,AK,2922716,0,0,40.5,1.7
18ss_dbs2,AK,3385247,0,0,40,1.7
18ss_dbs2,AK,3648162,0,0,40,1.7
18ss_dbs2,AK,2762308,0,0,39.5,1.7
18ss_dbs2,AK,3531117,0,0,36,2.3
18ss_dbs2,AK,2447709,0,0,36,2.3
18ss_dbs2,AK,3579532,0,0,34.5,2.3
18ss_dbs2,AK,3450458,0,0,34.5,2.3
18ss_dbs2,AK,3488794,0,0,34,2.3
18ss_dbs2,AK,2376791,0,0,33.5,2.7
18ss_dbs2,AK,3692137,0,0,33.5,2.7
18ss_dbs2,AK,2811434,0,0,32.5,2.7
18ss_dbs2,AK,3415258,0,0,32,2.7
18ss_dbs2,AK,3218234,0,0,32,2.7
18ss_dbs2,AK,3842886,0,0,31.5,2.7
18ss_dbs2,AK,2988676,0,0,31,3
18ss_dbs2,AK,3304557,0,0,31,3
18ss_dbs2,AK,2554353,0,0,30,3
18ss_dbs2,AK,3455621,0,0,29.5,3
18ss_dbs2,AK,3741473,0,0,29.5,3
18ss_dbs2,AK,2592065,0,0,29,3.3
18ss_dbs2,AK,3684736,0,0,29,3.3
18ss_dbs2,AK,3342771,0,0,28,3.3
18ss_dbs2,AK,2619123,0,0,27.5,3.3
18ss_dbs2,AK,2465834,0,0,27,3.7
18ss_dbs2,AK,3654202,0,0,27,3.7
18ss_dbs2,AK,2368411,0,0,26.5,3.7
18ss_dbs2,AK,3450112,0,0,26.5,3.7
18ss_dbs2,AK,3877225,0,0,26.5,3.7
18ss_dbs2,AK,2783402,0,0,26,3.7
18ss_dbs2,AK,2403788,0,0,25.5,3.7
18ss_dbs2,AK,2378843,0,0,25.5,3.7
18ss_dbs2,AK,2751210,0,0,25.5,3.7
18ss_dbs2,AK,2804623,0,0,25,3.7
18ss_dbs2,AK,3162066,0,0,24.5,4
18ss_dbs2,AK,3146495,0,0,24,4
18ss_dbs2,AK,3684022,0,0,24,4
18ss_dbs2,AK,3809742,0,0,24,4
18ss_dbs2,AK,3783372,0,0,24,4
18ss_dbs2,AK,2753240,0,0,24,4
18ss_dbs2,AK,2395873,0,0,23,4
18ss_dbs2,AK,2628926,0,0,22.5,5
18ss_dbs2,AK,2432350,0,0,22.5,5
18ss_dbs2,AK,3560306,0,0,22,5
18ss_dbs2,AK,2416892,0,0,22,5
18ss_dbs2,AK,3183654,0,0,21.5,5
18ss_dbs2,AK,2997521,0,0,21.5,5
18ss_dbs2,AK,3189626,0,0,21,5
18ss_dbs2,AK,3698150,0,0,21,5
18ss_dbs2,AK,3561559,0,0,21,5
18ss_dbs2,AK,2982600,0,0,21,5
18ss_dbs2,AK,2704961,0,0,20.5,5
18ss_dbs2,AK,2572911,0,0,20.5,5
18ss_dbs2,AK,3632008,0,0,20,5
18ss_dbs2,AK,2361890,0,0,20,5
18ss_dbs2,AK,2956688,0,0,19.5,5
18ss_dbs2,AK,3226567,0,0,19,5
18ss_dbs2,AK,3830777,0,0,19,5
18ss_dbs2,AK,3795358,0,0,19,5
18ss_dbs2,AK,2697228,0,0,18.5,5
18ss_dbs2,AK,3386891,0,0,18.5,5
18ss_dbs2,AK,3586311,0,0,18.5,5
18ss_dbs2,AK,3247027,0,0,17.5,5
18ss_dbs2,AK,2457485,0,0,17.5,5
18ss_dbs2,AK,3494474,0,0,17,5
18ss_dbs2,AK,3150444,0,0,17,5
18ss_dbs2,AK,2626405,0,0,17,5
18ss_dbs2,AK,2816493,0,0,16.5,5
18ss_dbs2,AK,2897655,0,0,16.5,5
18ss_dbs2,AK,2956490,0,0,15,5
18ss_dbs2,AK,2994475,0,0,14.5,5
18ss_dbs2,AK,3908938,0,0,14.5,5
18ss_dbs2,AK,3108187,0,0,13.5,5
18ss_dbs2,AK,2753024,0,0,13.5,5
18ss_dbs2,AK,2918632,0,0,13,5
18ss_dbs2,AK,2882340,0,0,12,5
18ss_dbs2,AK,3178618,0,0,11.5,5
18ss_dbs2,AK,2392807,0,0,11.5,5
18ss_dbs2,AK,2957270,0,0,11.5,5
18ss_dbs2,AK,3631078,0,0,11,5
18ss_dbs2,AK,3802617,0,0,10.5,5
18ss_mrdbs_wh,WDH,3710449,0,0,29.5,1
18ss_mrdbs_wh,WDH,3015658,0,0,29.5,1
18ss_mrdbs_wh,WDH,3080021,0,0,25,2
18ss_mrdbs_wh,WDH,2749752,0,0,20.5,3
18ss_mrdbs_wh,WDH,3153305,0,0,17,3.7
18ss_mrdbs_wh,WDH,3641537,0,0,13.5,5
18ss_mrdbs_wh,WDH,3095218,0,0,13.5,5
18ss_mrdbs_wh,WDH,3062426,0,0,10.5,5
