<?xml version='1.0' encoding='utf-8'?>
<!--
  ~ Hibernate, Relational Persistence for Idiomatic Java
  ~
  ~ License: GNU Lesser General Public License (LGPL), version 2.1 or later.
  ~ See the lgpl.txt file in the root directory or <http://www.gnu.org/licenses/lgpl-2.1.html>.
  -->
<!DOCTYPE hibernate-configuration PUBLIC
        "-//Hibernate/Hibernate Configuration DTD 3.0//EN"
        "http://www.hibernate.org/dtd/hibernate-configuration-3.0.dtd">

<hibernate-configuration>
    <session-factory>
        <!-- Database connection settings -->
        <property name="connection.driver_class">org.postgresql.Driver</property>
        <property name="connection.url">jdbc:postgresql://localhost:5432/dbp</property>
        <property name="connection.username">dbp</property>
        <property name="connection.password">dbp</property>

        <!-- JDBC connection pool (use the built-in) -->
        <property name="connection.pool_size">1</property>

        <property name="hibernate.enable_lazy_load_no_trans">true</property>

        <!-- SQL dialect -->
        <property name="dialect">org.hibernate.dialect.PostgreSQL10Dialect</property>

        <!-- Disable the second-level cache  -->
        <property name="cache.provider_class">org.hibernate.cache.internal.NoCachingRegionFactory</property>

        <!-- Echo all executed SQL to stdout -->
        <property name="show_sql">true</property>

        <!-- Drop and re-create the database schema on startup -->
        <property name="hbm2ddl.auto">none</property>

        <mapping class="model.klausur.Klausur"/>
        <mapping class="model.klausur.Abschlussklausur"/>
        <mapping class="model.klausur.Wiederholungsklausur"/>
        <mapping class="model.klausur.Zwischenklausur"/>

        <mapping class="model.person.Mitarbeiter"/>
        <mapping class="model.person.Student"/>

        <mapping class="model.relationen.AufgabenBearbeitung"/>
        <mapping class="model.relationen.KlausurTeilnahme"/>
        <mapping class="model.relationen.SemPrakTeilnahme"/>
        <mapping class="model.relationen.Studium"/>
        <mapping class="model.relationen.VeranstaltungAbhaltung"/>

        <mapping class="model.veranstaltung.Grundvorlesung"/>
        <mapping class="model.veranstaltung.Oberseminar"/>
        <mapping class="model.veranstaltung.Praktikum"/>
        <mapping class="model.veranstaltung.Problemseminar"/>
        <mapping class="model.veranstaltung.Seminar"/>
        <mapping class="model.veranstaltung.Spezialvorlesung"/>
        <mapping class="model.veranstaltung.Uebung"/>
        <mapping class="model.veranstaltung.Veranstaltung"/>

        <mapping class="model.Aufgabe"/>
        <mapping class="model.Raum"/>
        <mapping class="model.Studiengang"/>
    </session-factory>
</hibernate-configuration>